indicator,order,level,english_a,top_a,group_a,english_b,top_b,group_b,difference_in_post_change,std_error,z_value,pvalue,lower,upper,used_terms,missing_or_absorbed_terms,outcome,eng_var,top_var,model_fe_type,n,r2,pvalue_holm
age,first,10,0,0,"Non-English, less-established",0,1,"Non-English, more-established",0.0005294118283439521,0.00022574904641921808,2.345134284026296,0.019020227905535873,8.695182781802375e-05,0.0009718718288698803,post_gpt:first_senior_10,,ai_use_method_results,english_first,first_senior_10,journal + subfield,1454831,0.11830790068562413,0.02604011696503311
age,first,10,0,0,"Non-English, less-established",1,0,"English, less-established",0.001963911828899301,0.00046800765462879057,4.196324161528973,2.712818970757159e-05,0.001046633681337811,0.002881189976460791,english_first:post_gpt,,ai_use_method_results,english_first,first_senior_10,journal + subfield,1454831,0.11830790068562413,8.138456912271477e-05
age,first,10,0,0,"Non-English, less-established",1,1,"English, more-established",0.004001477741682916,0.0003475374173595986,11.51380410225748,1.1240814615125602e-30,0.0033203169203780375,0.004682638562987795,english_first:post_gpt; post_gpt:first_senior_10; english_first:post_gpt:first_senior_10,,ai_use_method_results,english_first,first_senior_10,journal + subfield,1454831,0.11830790068562413,6.74448876907536e-30
age,first,10,0,1,"Non-English, more-established",1,0,"English, less-established",0.0014345000005553487,0.0005776773303629599,2.483220173542277,0.013020058482516556,0.00030227323835870065,0.002566726762751997,english_first:post_gpt; post_gpt:first_senior_10,,ai_use_method_results,english_first,first_senior_10,journal + subfield,1454831,0.11830790068562413,0.02604011696503311
age,first,10,0,1,"Non-English, more-established",1,1,"English, more-established",0.0034720659133389642,0.0004190713555174567,8.28514253629137,1.1796771538161803e-16,0.0026507011495723685,0.00429343067710556,english_first:post_gpt:first_senior_10; english_first:post_gpt,,ai_use_method_results,english_first,first_senior_10,journal + subfield,1454831,0.11830790068562413,5.898385769080901e-16
age,first,10,1,0,"English, less-established",1,1,"English, more-established",0.0020375659127836155,0.00034611030731122194,5.887041991359821,3.931688464880033e-09,0.0013592021757755303,0.0027159296497917007,post_gpt:first_senior_10; english_first:post_gpt:first_senior_10,,ai_use_method_results,english_first,first_senior_10,journal + subfield,1454831,0.11830790068562413,1.5726753859520132e-08
age,first,15,0,0,"Non-English, less-established",0,1,"Non-English, more-established",0.0006798206090836223,0.00024361553231896848,2.790547066570147,0.0052619049144542645,0.00020234293966389058,0.001157298278503354,post_gpt:first_senior_15,,ai_use_method_results,english_first,first_senior_15,journal + subfield,1454831,0.11832268285412406,0.008936226099687593
age,first,15,0,0,"Non-English, less-established",1,0,"English, less-established",0.002227911770239506,0.00042470059581307376,5.2458409340685055,1.5557108338408928e-07,0.0013955138982331787,0.0030603096422458327,english_first:post_gpt,,ai_use_method_results,english_first,first_senior_15,journal + subfield,1454831,0.11832268285412406,4.6671325015226784e-07
age,first,15,0,0,"Non-English, less-established",1,1,"English, more-established",0.004333188611187208,0.0003797895356176237,11.409447087952179,3.751060481775657e-30,0.003588814799671473,0.005077562422702942,post_gpt:first_senior_15; english_first:post_gpt; english_first:post_gpt:first_senior_15,,ai_use_method_results,english_first,first_senior_15,journal + subfield,1454831,0.11832268285412406,2.2506362890653945e-29
age,first,15,0,1,"Non-English, more-established",1,0,"English, less-established",0.0015480911611558835,0.0005445137383756265,2.843070894361807,0.004468113049843797,0.00048086384485238986,0.002615318477459377,post_gpt:first_senior_15; english_first:post_gpt,,ai_use_method_results,english_first,first_senior_15,journal + subfield,1454831,0.11832268285412406,0.008936226099687593
age,first,15,0,1,"Non-English, more-established",1,1,"English, more-established",0.0036533680021035853,0.0004499847445718634,8.118870797674644,4.70541119401392e-16,0.0027714141091502776,0.004535321895056893,english_first:post_gpt; english_first:post_gpt:first_senior_15,,ai_use_method_results,english_first,first_senior_15,journal + subfield,1454831,0.11832268285412406,2.35270559700696e-15
age,first,15,1,0,"English, less-established",1,1,"English, more-established",0.0021052768409477018,0.0003044169765341293,6.91576686989292,4.653391240000327e-12,0.0015086305306582335,0.00270192315123717,post_gpt:first_senior_15; english_first:post_gpt:first_senior_15,,ai_use_method_results,english_first,first_senior_15,journal + subfield,1454831,0.11832268285412406,1.8613564960001307e-11
age,first,20,0,0,"Non-English, less-established",0,1,"Non-English, more-established",0.0008998602434932398,0.00022939921680692634,3.9226822829591717,8.756859512209678e-05,0.00045024604046996875,0.0013494744465165109,post_gpt:first_senior_20,,ai_use_method_results,english_first,first_senior_20,journal + subfield,1454831,0.11831137543149384,0.00017513719024419357
age,first,20,0,0,"Non-English, less-established",1,0,"English, less-established",0.00249574746725343,0.00041350028782097465,6.0356607740354615,1.5831351698061653e-09,0.0016853017955273733,0.0033061931389794866,english_first:post_gpt,,ai_use_method_results,english_first,first_senior_20,journal + subfield,1454831,0.11831137543149384,4.7494055094184954e-09
age,first,20,0,0,"Non-English, less-established",1,1,"English, more-established",0.0044106689365650525,0.00039609699620847354,11.135325384400623,8.443608668163216e-29,0.003634333089611946,0.005187004783518159,post_gpt:first_senior_20; english_first:post_gpt; english_first:post_gpt:first_senior_20,,ai_use_method_results,english_first,first_senior_20,journal + subfield,1454831,0.11831137543149384,5.06616520089793e-28
age,first,20,0,1,"Non-English, more-established",1,0,"English, less-established",0.00159588722376019,0.00053508483403729,2.9824938444227573,0.0028591039779191176,0.0005471402203735096,0.0026446342271468706,english_first:post_gpt; post_gpt:first_senior_20,,ai_use_method_results,english_first,first_senior_20,journal + subfield,1454831,0.11831137543149384,0.0028591039779191176
age,first,20,0,1,"Non-English, more-established",1,1,"English, more-established",0.0035108086930718124,0.0004742426316668475,7.402979948749385,1.331618631840704e-13,0.0025813102150712966,0.004440307171072328,english_first:post_gpt; english_first:post_gpt:first_senior_20,,ai_use_method_results,english_first,first_senior_20,journal + subfield,1454831,0.11831137543149384,6.658093159203519e-13
age,first,20,1,0,"English, less-established",1,1,"English, more-established",0.001914921469311622,0.0002888138715260104,6.630296042200887,3.350142839995155e-11,0.0013488566828850634,0.0024809862557381808,post_gpt:first_senior_20; english_first:post_gpt:first_senior_20,,ai_use_method_results,english_first,first_senior_20,journal + subfield,1454831,0.11831137543149384,1.340057135998062e-10
age,last,10,0,0,"Non-English, less-established",0,1,"Non-English, more-established",0.007222601308921489,0.0006483763950595646,11.139519211303131,8.055303148546232e-29,0.0059518069261788285,0.008493395691664149,post_gpt:last_senior_10,,ai_use_method_results,english_last,last_senior_10,journal + subfield,1444004,0.11931048044907644,4.027651574273116e-28
age,last,10,0,0,"Non-English, less-established",1,0,"English, less-established",0.0010543653069981255,0.0010603739116052213,0.994333503925988,0.3200605296233211,-0.0010239293698939673,0.0031326599838902183,english_last:post_gpt,,ai_use_method_results,english_last,last_senior_10,journal + subfield,1444004,0.11931048044907644,0.3200605296233211
age,last,10,0,0,"Non-English, less-established",1,1,"English, more-established",0.009925913568495853,0.000725478412603265,13.681886870869493,1.3026791507634289e-42,0.008504002008232163,0.011347825128759542,post_gpt:last_senior_10; english_last:post_gpt:last_senior_10; english_last:post_gpt,,ai_use_method_results,english_last,last_senior_10,journal + subfield,1444004,0.11931048044907644,7.816074904580573e-42
age,last,10,0,1,"Non-English, more-established",1,0,"English, less-established",-0.006168236001923363,0.0012088262686898955,-5.102665421564993,3.349027854440075e-07,-0.008537491952121497,-0.0037989800517252295,english_last:post_gpt; post_gpt:last_senior_10,,ai_use_method_results,english_last,last_senior_10,journal + subfield,1444004,0.11931048044907644,6.69805570888015e-07
age,last,10,0,1,"Non-English, more-established",1,1,"English, more-established",0.0027033122595743653,0.00031223031102056194,8.65807118706146,4.798138647234764e-18,0.0020913520950923245,0.003315272424056406,english_last:post_gpt:last_senior_10; english_last:post_gpt,,ai_use_method_results,english_last,last_senior_10,journal + subfield,1444004,0.11931048044907644,1.9192554588939056e-17
age,last,10,1,0,"English, less-established",1,1,"English, more-established",0.008871548261497728,0.0010848757521089508,8.17747861379686,2.898448546473964e-16,0.006745230859663381,0.010997865663332076,post_gpt:last_senior_10; english_last:post_gpt:last_senior_10,,ai_use_method_results,english_last,last_senior_10,journal + subfield,1444004,0.11931048044907644,8.695345639421891e-16
age,last,15,0,0,"Non-English, less-established",0,1,"Non-English, more-established",0.006138703203384737,0.0004934037070267017,12.441542525849986,1.5547215917967433e-35,0.005171649707773849,0.007105756698995625,post_gpt:last_senior_15,,ai_use_method_results,english_last,last_senior_15,journal + subfield,1444004,0.11945656996962761,7.773607958983717e-35
age,last,15,0,0,"Non-English, less-established",1,0,"English, less-established",0.002247327285854598,0.0009624144017629431,2.3350931591817017,0.019538554616563134,0.00036102972019656787,0.0041336248515126284,english_last:post_gpt,,ai_use_method_results,english_last,last_senior_15,journal + subfield,1444004,0.11945656996962761,0.019538554616563134
age,last,15,0,0,"Non-English, less-established",1,1,"English, more-established",0.008704776958468871,0.0005952976931720793,14.6225612131721,2.0166866344852566e-48,0.00753801491977182,0.009871538997165922,english_last:post_gpt:last_senior_15; english_last:post_gpt; post_gpt:last_senior_15,,ai_use_method_results,english_last,last_senior_15,journal + subfield,1444004,0.11945656996962761,1.2100119806911538e-47
age,last,15,0,1,"Non-English, more-established",1,0,"English, less-established",-0.0038913759175301385,0.0011080110712645473,-3.5120370350532704,0.00044468602645660374,-0.006063037711680295,-0.0017197141233799827,english_last:post_gpt; post_gpt:last_senior_15,,ai_use_method_results,english_last,last_senior_15,journal + subfield,1444004,0.11945656996962761,0.0008893720529132075
age,last,15,0,1,"Non-English, more-established",1,1,"English, more-established",0.0025660737550841353,0.00028587410465562925,8.976237138286061,2.8018511638686583e-19,0.0020057708058464677,0.003126376704321803,english_last:post_gpt:last_senior_15; english_last:post_gpt,,ai_use_method_results,english_last,last_senior_15,journal + subfield,1444004,0.11945656996962761,1.1207404655474633e-18
age,last,15,1,0,"English, less-established",1,1,"English, more-established",0.006457449672614274,0.00102435705288058,6.303905122198721,2.9023820273752655e-10,0.004449746741658746,0.008465152603569802,english_last:post_gpt:last_senior_15; post_gpt:last_senior_15,,ai_use_method_results,english_last,last_senior_15,journal + subfield,1444004,0.11945656996962761,8.707146082125796e-10
age,last,20,0,0,"Non-English, less-established",0,1,"Non-English, more-established",0.005253300293445772,0.00039238269083881463,13.388205994040025,7.087198921526111e-41,0.004484244351244781,0.006022356235646763,post_gpt:last_senior_20,,ai_use_method_results,english_last,last_senior_20,journal + subfield,1444004,0.11934695168786102,3.5435994607630554e-40
age,last,20,0,0,"Non-English, less-established",1,0,"English, less-established",0.00274346266932789,0.0007263419682405886,3.7770950726878056,0.00015866817597101661,0.0013198585711164004,0.00416706676753938,english_last:post_gpt,,ai_use_method_results,english_last,last_senior_20,journal + subfield,1444004,0.11934695168786102,0.00031733635194203323
age,last,20,0,0,"Non-English, less-established",1,1,"English, more-established",0.00756760197603157,0.00048801874221430266,15.506785542077449,3.1211787225395103e-54,0.006611102817511,0.00852410113455214,english_last:post_gpt:last_senior_20; english_last:post_gpt; post_gpt:last_senior_20,,ai_use_method_results,english_last,last_senior_20,journal + subfield,1444004,0.11934695168786102,1.8727072335237062e-53
age,last,20,0,1,"Non-English, more-established",1,0,"English, less-established",-0.002509837624117882,0.000808429511880067,-3.1045843666457142,0.0019054657691150718,-0.004094330351442109,-0.0009253448967936548,english_last:post_gpt; post_gpt:last_senior_20,,ai_use_method_results,english_last,last_senior_20,journal + subfield,1444004,0.11934695168786102,0.0019054657691150718
age,last,20,0,1,"Non-English, more-established",1,1,"English, more-established",0.002314301682585798,0.00026810537783005385,8.632059906134309,6.025680914723786e-18,0.001788824797977389,0.0028397785671942072,english_last:post_gpt:last_senior_20; english_last:post_gpt,,ai_use_method_results,english_last,last_senior_20,journal + subfield,1444004,0.11934695168786102,2.4102723658895144e-17
age,last,20,1,0,"English, less-established",1,1,"English, more-established",0.00482413930670368,0.0007106537738554025,6.788311670438342,1.1345335260109071e-11,0.0034312835044696182,0.006216995108937741,english_last:post_gpt:last_senior_20; post_gpt:last_senior_20,,ai_use_method_results,english_last,last_senior_20,journal + subfield,1444004,0.11934695168786102,3.4036005780327216e-11
cit,first,1,0,0,"Non-English, less-established",0,1,"Non-English, more-established",-0.0007440044470958206,0.000816979208062606,-0.9106773339558559,0.36246541014630385,-0.002345254271016584,0.0008572453768249425,post_gpt:first_cumulative_cits_top1,,ai_use_method_results,english_first,first_cumulative_cits_top1,journal + subfield,1454831,0.1182406815628898,0.36246541014630385
cit,first,1,0,0,"Non-English, less-established",1,0,"English, less-established",0.0027663807714984313,0.0004184882432861489,6.6104145477914145,3.832452904670229e-11,0.0019461588867041434,0.0035866026562927193,english_first:post_gpt,,ai_use_method_results,english_first,first_cumulative_cits_top1,journal + subfield,1454831,0.1182406815628898,2.1926029215793004e-10
cit,first,1,0,0,"Non-English, less-established",1,1,"English, more-established",0.004796377973364763,0.000724806970131951,6.617455641315898,3.6543382026321674e-11,0.00337578241616254,0.006216973530566986,post_gpt:first_cumulative_cits_top1; english_first:post_gpt; english_first:post_gpt:first_cumulative_cits_top1,,ai_use_method_results,english_first,first_cumulative_cits_top1,journal + subfield,1454831,0.1182406815628898,2.1926029215793004e-10
cit,first,1,0,1,"Non-English, more-established",1,0,"English, less-established",0.0035103852185942516,0.001014604277328637,3.459856514538638,0.00054046329733594,0.0015217973764698341,0.005498973060718669,english_first:post_gpt; post_gpt:first_cumulative_cits_top1,,ai_use_method_results,english_first,first_cumulative_cits_top1,journal + subfield,1454831,0.1182406815628898,0.00162138989200782
cit,first,1,0,1,"Non-English, more-established",1,1,"English, more-established",0.005540382420460584,0.0011569138988869983,4.788932370672246,1.6767097185423502e-06,0.0032728728454282535,0.007807891995492915,english_first:post_gpt; english_first:post_gpt:first_cumulative_cits_top1,,ai_use_method_results,english_first,first_cumulative_cits_top1,journal + subfield,1454831,0.1182406815628898,6.706838874169401e-06
cit,first,1,1,0,"English, less-established",1,1,"English, more-established",0.002029997201866332,0.0007878118376258247,2.5767538705485786,0.009973293814724065,0.0004859143735253986,0.003574080030207266,post_gpt:first_cumulative_cits_top1; english_first:post_gpt:first_cumulative_cits_top1,,ai_use_method_results,english_first,first_cumulative_cits_top1,journal + subfield,1454831,0.1182406815628898,0.01994658762944813
cit,first,5,0,0,"Non-English, less-established",0,1,"Non-English, more-established",0.00023501016496987092,0.00038698285976444244,0.6072883049986304,0.543659598232321,-0.0005234623028027507,0.0009934826327424925,post_gpt:first_cumulative_cits_top5,,ai_use_method_results,english_first,first_cumulative_cits_top5,journal + subfield,1454831,0.11823702145429649,0.543659598232321
cit,first,5,0,0,"Non-English, less-established",1,0,"English, less-established",0.002665368449257705,0.0004413602049026228,6.038986795027803,1.5508493448931845e-09,0.0018003183434393455,0.003530418555076064,english_first:post_gpt,,ai_use_method_results,english_first,first_cumulative_cits_top5,journal + subfield,1454831,0.11823702145429649,6.203397379572738e-09
cit,first,5,0,0,"Non-English, less-established",1,1,"English, more-established",0.0043310648030881384,0.0004389385029563735,9.86713349117748,5.779255597323338e-23,0.0034707611458657185,0.005191368460310559,post_gpt:first_cumulative_cits_top5; english_first:post_gpt; english_first:post_gpt:first_cumulative_cits_top5,,ai_use_method_results,english_first,first_cumulative_cits_top5,journal + subfield,1454831,0.11823702145429649,3.467553358394003e-22
cit,first,5,0,1,"Non-English, more-established",1,0,"English, less-established",0.002430358284287834,0.0005879688292801251,4.133481510003555,3.5730905368513726e-05,0.0012779605548666091,0.0035827560137090585,post_gpt:first_cumulative_cits_top5; english_first:post_gpt,,ai_use_method_results,english_first,first_cumulative_cits_top5,journal + subfield,1454831,0.11823702145429649,0.00010719271610554117
cit,first,5,0,1,"Non-English, more-established",1,1,"English, more-established",0.004096054638118267,0.0005954801936693987,6.878574101479406,6.045460178753112e-12,0.002928934905019309,0.005263174371217224,english_first:post_gpt; english_first:post_gpt:first_cumulative_cits_top5,,ai_use_method_results,english_first,first_cumulative_cits_top5,journal + subfield,1454831,0.11823702145429649,3.0227300893765564e-11
cit,first,5,1,0,"English, less-established",1,1,"English, more-established",0.0016656963538304332,0.0005156854086165014,3.2300629918911623,0.0012376294682531679,0.0006549715255892692,0.0026764211820715974,post_gpt:first_cumulative_cits_top5; english_first:post_gpt:first_cumulative_cits_top5,,ai_use_method_results,english_first,first_cumulative_cits_top5,journal + subfield,1454831,0.11823702145429649,0.0024752589365063357
cit,first,10,0,0,"Non-English, less-established",0,1,"Non-English, more-established",0.00046184559424179537,0.0002953749763608598,1.563590795442192,0.11791369787760352,-0.00011707872135985966,0.0010407699098434503,post_gpt:first_cumulative_cits_top10,,ai_use_method_results,english_first,first_cumulative_cits_top10,journal + subfield,1454831,0.11824759212141,0.11791369787760352
cit,first,10,0,0,"Non-English, less-established",1,0,"English, less-established",0.0025629151530396094,0.0004671207836131061,5.486621967911302,4.0969258175153977e-08,0.0016473752407277936,0.0034784550653514253,english_first:post_gpt,,ai_use_method_results,english_first,first_cumulative_cits_top10,journal + subfield,1454831,0.11824759212141,1.638770327006159e-07
cit,first,10,0,0,"Non-English, less-established",1,1,"English, more-established",0.004216186889495473,0.00037474136863721726,11.25092461723145,2.291768948330544e-29,0.0034817073034492797,0.004950666475541667,english_first:post_gpt; english_first:post_gpt:first_cumulative_cits_top10; post_gpt:first_cumulative_cits_top10,,ai_use_method_results,english_first,first_cumulative_cits_top10,journal + subfield,1454831,0.11824759212141,1.3750613689983265e-28
cit,first,10,0,1,"Non-English, more-established",1,0,"English, less-established",0.002101069558797814,0.0005562930370398125,3.7769114817222595,0.0001587851319173313,0.0010107552413493753,0.003191383876246253,english_first:post_gpt; post_gpt:first_cumulative_cits_top10,,ai_use_method_results,english_first,first_cumulative_cits_top10,journal + subfield,1454831,0.11824759212141,0.0004763553957519939
cit,first,10,0,1,"Non-English, more-established",1,1,"English, more-established",0.003754341295253678,0.00047361428674845215,7.927001782460372,2.245000678388414e-15,0.002826074350663086,0.00468260823984427,english_first:post_gpt; english_first:post_gpt:first_cumulative_cits_top10,,ai_use_method_results,english_first,first_cumulative_cits_top10,journal + subfield,1454831,0.11824759212141,1.122500339194207e-14
cit,first,10,1,0,"English, less-established",1,1,"English, more-established",0.001653271736455864,0.00047307199763374865,3.4947571294123043,0.0004744933144621203,0.0007260676589992989,0.0025804758139124293,english_first:post_gpt:first_cumulative_cits_top10; post_gpt:first_cumulative_cits_top10,,ai_use_method_results,english_first,first_cumulative_cits_top10,journal + subfield,1454831,0.11824759212141,0.0009489866289242406
cit,first,20,0,0,"Non-English, less-established",0,1,"Non-English, more-established",0.00034111575654854686,0.0002112053677065889,1.6150903750819074,0.10629112498976663,-7.283915749790637e-05,0.0007550706705950001,post_gpt:first_cumulative_cits_top20,,ai_use_method_results,english_first,first_cumulative_cits_top20,journal + subfield,1454831,0.11824305065377605,0.10629112498976663
cit,first,20,0,0,"Non-English, less-established",1,0,"English, less-established",0.002434333439676136,0.0005081580231289278,4.790504781735006,1.6636225847249946e-06,0.0014383620158883658,0.0034303048634639066,english_first:post_gpt,,ai_use_method_results,english_first,first_cumulative_cits_top20,journal + subfield,1454831,0.11824305065377605,6.654490338899978e-06
cit,first,20,0,0,"Non-English, less-established",1,1,"English, more-established",0.003787792744339608,0.0003423456595078252,11.064234755554212,1.8705261608850615e-28,0.0031168075814406583,0.004458777907238557,english_first:post_gpt:first_cumulative_cits_top20; english_first:post_gpt; post_gpt:first_cumulative_cits_top20,,ai_use_method_results,english_first,first_cumulative_cits_top20,journal + subfield,1454831,0.11824305065377605,1.1223156965310369e-27
cit,first,20,0,1,"Non-English, more-established",1,0,"English, less-established",0.0020932176831275893,0.000554103060128274,3.7776685128629546,0.00015830338988366766,0.0010071956415527402,0.003179239724702438,english_first:post_gpt; post_gpt:first_cumulative_cits_top20,,ai_use_method_results,english_first,first_cumulative_cits_top20,journal + subfield,1454831,0.11824305065377605,0.000474910169651003
cit,first,20,0,1,"Non-English, more-established",1,1,"English, more-established",0.0034466769877910613,0.00039978566148391164,8.621312167619509,6.6191190914524765e-18,0.0026631114897470724,0.00423024248583505,english_first:post_gpt:first_cumulative_cits_top20; english_first:post_gpt,,ai_use_method_results,english_first,first_cumulative_cits_top20,journal + subfield,1454831,0.11824305065377605,3.309559545726238e-17
cit,first,20,1,0,"English, less-established",1,1,"English, more-established",0.001353459304663472,0.00043033609788736387,3.145121479020629,0.0016601787753299621,0.0005100160515567355,0.002196902557770208,english_first:post_gpt:first_cumulative_cits_top20; post_gpt:first_cumulative_cits_top20,,ai_use_method_results,english_first,first_cumulative_cits_top20,journal + subfield,1454831,0.11824305065377605,0.0033203575506599243
cit,last,1,0,0,"Non-English, less-established",0,1,"Non-English, more-established",0.0033209677511396407,0.00032603893344755955,10.185801174183355,2.2946189515437825e-24,0.0026819431840245725,0.003959992318254709,post_gpt:last_cumulative_cits_top1,,ai_use_method_results,english_last,last_cumulative_cits_top1,journal + subfield,1444004,0.11792374250489435,1.1473094757718912e-23
cit,last,1,0,0,"Non-English, less-established",1,0,"English, less-established",0.0025242710586191957,0.00042089703964610437,5.997359973692462,2.0055116643023847e-09,0.0016993280197133039,0.0033492140975250875,english_last:post_gpt,,ai_use_method_results,english_last,last_cumulative_cits_top1,journal + subfield,1444004,0.11792374250489435,6.016534992907154e-09
cit,last,1,0,0,"Non-English, less-established",1,1,"English, more-established",0.005255827575717546,0.00037588639786445316,13.982489405250648,1.993896866941286e-44,0.004519103773624724,0.005992551377810368,english_last:post_gpt:last_cumulative_cits_top1; english_last:post_gpt; post_gpt:last_cumulative_cits_top1,,ai_use_method_results,english_last,last_cumulative_cits_top1,journal + subfield,1444004,0.11792374250489435,1.1963381201647716e-43
cit,last,1,0,1,"Non-English, more-established",1,0,"English, less-established",-0.000796696692520445,0.000477090480405752,-1.6699069154406034,0.0949377819051176,-0.0017317768514826313,0.0001383834664417413,english_last:post_gpt; post_gpt:last_cumulative_cits_top1,,ai_use_method_results,english_last,last_cumulative_cits_top1,journal + subfield,1444004,0.11792374250489435,0.0949377819051176
cit,last,1,0,1,"Non-English, more-established",1,1,"English, more-established",0.0019348598245779057,0.0004019234992064097,4.814000247306389,1.479386236896266e-06,0.0011471042415930298,0.0027226154075627815,english_last:post_gpt:last_cumulative_cits_top1; english_last:post_gpt,,ai_use_method_results,english_last,last_cumulative_cits_top1,journal + subfield,1444004,0.11792374250489435,2.958772473792532e-06
cit,last,1,1,0,"English, less-established",1,1,"English, more-established",0.0027315565170983507,0.00044339992100844277,6.160480387289783,7.2524597477348e-10,0.001862508641173898,0.0036006043930228034,english_last:post_gpt:last_cumulative_cits_top1; post_gpt:last_cumulative_cits_top1,,ai_use_method_results,english_last,last_cumulative_cits_top1,journal + subfield,1444004,0.11792374250489435,2.90098389909392e-09
cit,last,5,0,0,"Non-English, less-established",0,1,"Non-English, more-established",0.004069525004705905,0.00026300123780677195,15.473406279919493,5.245633302084594e-54,0.003554052050715178,0.004584997958696632,post_gpt:last_cumulative_cits_top5,,ai_use_method_results,english_last,last_cumulative_cits_top5,journal + subfield,1444004,0.11856225051496494,3.1473799812507565e-53
cit,last,5,0,0,"Non-English, less-established",1,0,"English, less-established",0.0022748496776189312,0.000541261083281825,4.2028694614913915,2.6355258970704328e-05,0.0012139974481534194,0.003335701907084443,english_last:post_gpt,,ai_use_method_results,english_last,last_cumulative_cits_top5,journal + subfield,1444004,0.11856225051496494,5.2710517941408656e-05
cit,last,5,0,0,"Non-English, less-established",1,1,"English, more-established",0.005606342553102896,0.0003628787559860408,15.449630105429925,7.587763573761416e-54,0.004895113260615557,0.006317571845590235,english_last:post_gpt:last_cumulative_cits_top5; english_last:post_gpt; post_gpt:last_cumulative_cits_top5,,ai_use_method_results,english_last,last_cumulative_cits_top5,journal + subfield,1444004,0.11856225051496494,3.793881786880708e-53
cit,last,5,0,1,"Non-English, more-established",1,0,"English, less-established",-0.0017946753270869737,0.0005361515878914747,-3.347328195268245,0.0008159454706851086,-0.0028455131296082252,-0.000743837524565722,english_last:post_gpt; post_gpt:last_cumulative_cits_top5,,ai_use_method_results,english_last,last_cumulative_cits_top5,journal + subfield,1444004,0.11856225051496494,0.0008159454706851086
cit,last,5,0,1,"Non-English, more-established",1,1,"English, more-established",0.0015368175483969914,0.00027441420351483433,5.600357156126264,2.139106143722632e-08,0.0009989755926616715,0.0020746595041323114,english_last:post_gpt:last_cumulative_cits_top5; english_last:post_gpt,,ai_use_method_results,english_last,last_cumulative_cits_top5,journal + subfield,1444004,0.11856225051496494,6.417318431167896e-08
cit,last,5,1,0,"English, less-established",1,1,"English, more-established",0.003331492875483965,0.0005155431119403913,6.462103359202988,1.0325752747539066e-10,0.0023210469436030965,0.004341938807364833,english_last:post_gpt:last_cumulative_cits_top5; post_gpt:last_cumulative_cits_top5,,ai_use_method_results,english_last,last_cumulative_cits_top5,journal + subfield,1444004,0.11856225051496494,4.1303010990156266e-10
cit,last,10,0,0,"Non-English, less-established",0,1,"Non-English, more-established",0.004325400046308984,0.00028836802025941855,14.999582971849007,7.388206209051061e-51,0.003760209112307407,0.00489059098031056,post_gpt:last_cumulative_cits_top10,,ai_use_method_results,english_last,last_cumulative_cits_top10,journal + subfield,1444004,0.1189927790730998,3.6941031045255304e-50
cit,last,10,0,0,"Non-English, less-established",1,0,"English, less-established",0.0018078851953710945,0.0007014167786035219,2.5774764027893426,0.009952467660756362,0.0004331335711560869,0.003182636819586102,english_last:post_gpt,,ai_use_method_results,english_last,last_cumulative_cits_top10,journal + subfield,1444004,0.1189927790730998,0.009952467660756362
cit,last,10,0,0,"Non-English, less-established",1,1,"English, more-established",0.006193497967440594,0.0004023996882080097,15.391408465105549,1.8691882020222563e-53,0.005404809071162748,0.00698218686371844,post_gpt:last_cumulative_cits_top10; english_last:post_gpt; english_last:post_gpt:last_cumulative_cits_top10,,ai_use_method_results,english_last,last_cumulative_cits_top10,journal + subfield,1444004,0.1189927790730998,1.1215129212133538e-52
cit,last,10,0,1,"Non-English, more-established",1,0,"English, less-established",-0.002517514850937889,0.000728695853722046,-3.4548225272298185,0.00055065515961205,-0.0039457324799167665,-0.0010892972219590114,english_last:post_gpt; post_gpt:last_cumulative_cits_top10,,ai_use_method_results,english_last,last_cumulative_cits_top10,journal + subfield,1444004,0.1189927790730998,0.0011013103192241
cit,last,10,0,1,"Non-English, more-established",1,1,"English, more-established",0.0018680979211316104,0.00023698221044116656,7.882861408263327,3.19967897368779e-15,0.001403621323690232,0.002332574518572989,english_last:post_gpt; english_last:post_gpt:last_cumulative_cits_top10,,ai_use_method_results,english_last,last_cumulative_cits_top10,journal + subfield,1444004,0.1189927790730998,1.279871589475116e-14
cit,last,10,1,0,"English, less-established",1,1,"English, more-established",0.004385612772069499,0.0007013479230974094,6.253120067285614,4.0233258015568543e-10,0.003010996102166609,0.00576022944197239,post_gpt:last_cumulative_cits_top10; english_last:post_gpt:last_cumulative_cits_top10,,ai_use_method_results,english_last,last_cumulative_cits_top10,journal + subfield,1444004,0.1189927790730998,1.2069977404670563e-09
cit,last,20,0,0,"Non-English, less-established",0,1,"Non-English, more-established",0.005067257262417283,0.0003520567222517347,14.39329784702702,5.701126441106711e-47,0.004377238766288661,0.005757275758545904,post_gpt:last_cumulative_cits_top20,,ai_use_method_results,english_last,last_cumulative_cits_top20,journal + subfield,1444004,0.11938772914382434,2.8505632205533557e-46
cit,last,20,0,0,"Non-English, less-established",1,0,"English, less-established",0.0012892811420357018,0.000939908082595566,1.3717098149377953,0.17015379174839151,-0.0005529048486297059,0.0031314671327011094,english_last:post_gpt,,ai_use_method_results,english_last,last_cumulative_cits_top20,journal + subfield,1444004,0.11938772914382434,0.17015379174839151
cit,last,20,0,0,"Non-English, less-established",1,1,"English, more-established",0.007210193462170303,0.000471072141784125,15.305922007747318,6.980569988820253e-53,0.0062869090301532725,0.008133477894187334,english_last:post_gpt; post_gpt:last_cumulative_cits_top20; english_last:post_gpt:last_cumulative_cits_top20,,ai_use_method_results,english_last,last_cumulative_cits_top20,journal + subfield,1444004,0.11938772914382434,4.188341993292151e-52
cit,last,20,0,1,"Non-English, more-established",1,0,"English, less-established",-0.003777976120381581,0.0009991972882704254,-3.7810111824073522,0.00015619265743119348,-0.005736366818841701,-0.0018195854219214612,english_last:post_gpt; post_gpt:last_cumulative_cits_top20,,ai_use_method_results,english_last,last_cumulative_cits_top20,journal + subfield,1444004,0.11938772914382434,0.00031238531486238696
cit,last,20,0,1,"Non-English, more-established",1,1,"English, more-established",0.0021429361997530203,0.0002504419087714746,8.556619817605789,1.1622503246357544e-17,0.0016520790783414643,0.0026337933211645764,english_last:post_gpt; english_last:post_gpt:last_cumulative_cits_top20,,ai_use_method_results,english_last,last_cumulative_cits_top20,journal + subfield,1444004,0.11938772914382434,4.6490012985430176e-17
cit,last,20,1,0,"English, less-established",1,1,"English, more-established",0.0059209123201346015,0.0009380771925875568,6.311753837445488,2.7589082017444407e-10,0.004082314807944546,0.007759509832324657,post_gpt:last_cumulative_cits_top20; english_last:post_gpt:last_cumulative_cits_top20,,ai_use_method_results,english_last,last_cumulative_cits_top20,journal + subfield,1444004,0.11938772914382434,8.276724605233322e-10
ins,first,100,0,0,"Non-English, less-established",0,1,"Non-English, more-established",0.004052768561427815,0.0003954817062527174,10.247676434464578,1.2122255729783187e-24,0.0032776386606280395,0.00482789846222759,post_gpt:first_top100_ins,,ai_use_method_results,english_first,first_top100_ins,journal + subfield,1442668,0.11887796688130847,6.061127864891593e-24
ins,first,100,0,0,"Non-English, less-established",1,0,"English, less-established",0.0023023703636377434,0.0004916586363761013,4.682863664529453,2.828946798745529e-06,0.0013387371436525105,0.0032660035836229763,english_first:post_gpt,,ai_use_method_results,english_first,first_top100_ins,journal + subfield,1442668,0.11887796688130847,8.486840396236588e-06
ins,first,100,0,0,"Non-English, less-established",1,1,"English, more-established",0.005435724077507252,0.0004107168466523959,13.234723926743857,5.529955829822839e-40,0.004630733850224696,0.006240714304789808,post_gpt:first_top100_ins; english_first:post_gpt; english_first:post_gpt:first_top100_ins,,ai_use_method_results,english_first,first_top100_ins,journal + subfield,1442668,0.11887796688130847,3.317973497893703e-39
ins,first,100,0,1,"Non-English, more-established",1,0,"English, less-established",-0.0017503981977900714,0.00046550530455690396,-3.7602110666734636,0.00016977005687039058,-0.002662771829333952,-0.0008380245662461906,english_first:post_gpt; post_gpt:first_top100_ins,,ai_use_method_results,english_first,first_top100_ins,journal + subfield,1442668,0.11887796688130847,0.00016977005687039058
ins,first,100,0,1,"Non-English, more-established",1,1,"English, more-established",0.0013829555160794374,0.00030440909489139325,4.543082119714087,5.54376423881755e-06,0.0007863246535258708,0.001979586378633004,english_first:post_gpt:first_top100_ins; english_first:post_gpt,,ai_use_method_results,english_first,first_top100_ins,journal + subfield,1442668,0.11887796688130847,1.10875284776351e-05
ins,first,100,1,0,"English, less-established",1,1,"English, more-established",0.003133353713869509,0.0004412733750963773,7.100708745877001,1.2411870527389525e-12,0.002268473791344175,0.0039982336363948425,post_gpt:first_top100_ins; english_first:post_gpt:first_top100_ins,,ai_use_method_results,english_first,first_top100_ins,journal + subfield,1442668,0.11887796688130847,4.96474821095581e-12
ins,first,200,0,0,"Non-English, less-established",0,1,"Non-English, more-established",0.004056049992967206,0.00031868178879173247,12.72758637494014,4.154853437138025e-37,0.00343144516440661,0.004680654821527802,post_gpt:first_top200_ins,,ai_use_method_results,english_first,first_top200_ins,journal + subfield,1442668,0.1191616783281676,2.0774267185690125e-36
ins,first,200,0,0,"Non-English, less-established",1,0,"English, less-established",0.0024035744521306245,0.0005284744550404746,4.548137434469828,5.4122787970247544e-06,0.0013677835535018622,0.0034393653507593866,english_first:post_gpt,,ai_use_method_results,english_first,first_top200_ins,journal + subfield,1442668,0.1191616783281676,1.0824557594049509e-05
ins,first,200,0,0,"Non-English, less-established",1,1,"English, more-established",0.005722174168522807,0.000422289579979487,13.550356058515025,7.884675344676121e-42,0.004894501800716465,0.006549846536329148,english_first:post_gpt; post_gpt:first_top200_ins; english_first:post_gpt:first_top200_ins,,ai_use_method_results,english_first,first_top200_ins,journal + subfield,1442668,0.1191616783281676,4.730805206805672e-41
ins,first,200,0,1,"Non-English, more-established",1,0,"English, less-established",-0.0016524755408365813,0.00048393241970416824,-3.4146824505924873,0.0006385641050784288,-0.0026009656544080727,-0.0007039854272650899,english_first:post_gpt; post_gpt:first_top200_ins,,ai_use_method_results,english_first,first_top200_ins,journal + subfield,1442668,0.1191616783281676,0.0006385641050784288
ins,first,200,0,1,"Non-English, more-established",1,1,"English, more-established",0.001666124175555601,0.0002868897566273332,5.807541527946148,6.339683037214687e-09,0.0011038305850325668,0.0022284177660786353,english_first:post_gpt; english_first:post_gpt:first_top200_ins,,ai_use_method_results,english_first,first_top200_ins,journal + subfield,1442668,0.1191616783281676,1.901904911164406e-08
ins,first,200,1,0,"English, less-established",1,1,"English, more-established",0.0033185997163921823,0.0004578620613665424,7.248033843396932,4.2286496688161737e-13,0.002421206566226491,0.004215992866557873,post_gpt:first_top200_ins; english_first:post_gpt:first_top200_ins,,ai_use_method_results,english_first,first_top200_ins,journal + subfield,1442668,0.1191616783281676,1.6914598675264695e-12
ins,first,300,0,0,"Non-English, less-established",0,1,"Non-English, more-established",0.004186468587780396,0.00035263793270704966,11.871861191003129,1.6573883077675955e-32,0.0034953109400919194,0.004877626235468872,post_gpt:first_top300_ins,,ai_use_method_results,english_first,first_top300_ins,journal + subfield,1442668,0.11932132189596789,8.286941538837977e-32
ins,first,300,0,0,"Non-English, less-established",1,0,"English, less-established",0.0024267633739797033,0.0005812695701518929,4.174936206183235,2.9806956871477194e-05,0.001287495951172915,0.0035660307967864914,english_first:post_gpt,,ai_use_method_results,english_first,first_top300_ins,journal + subfield,1442668,0.11932132189596789,5.961391374295439e-05
ins,first,300,0,0,"Non-English, less-established",1,1,"English, more-established",0.005726935918533051,0.00043578050294656697,13.141790143913934,1.8968550744477425e-39,0.004872821827593028,0.006581050009473073,post_gpt:first_top300_ins; english_first:post_gpt; english_first:post_gpt:first_top300_ins,,ai_use_method_results,english_first,first_top300_ins,journal + subfield,1442668,0.11932132189596789,1.1381130446686455e-38
ins,first,300,0,1,"Non-English, more-established",1,0,"English, less-established",-0.0017597052138006927,0.0005440799127380257,-3.234277121066938,0.001219510628840775,-0.0028260822474789186,-0.0006933281801224669,post_gpt:first_top300_ins; english_first:post_gpt,,ai_use_method_results,english_first,first_top300_ins,journal + subfield,1442668,0.11932132189596789,0.001219510628840775
ins,first,300,0,1,"Non-English, more-established",1,1,"English, more-established",0.0015404673307526549,0.0002644390947085204,5.825414477578076,5.697102842179277e-09,0.0010221762290195785,0.002058758432485731,english_first:post_gpt; english_first:post_gpt:first_top300_ins,,ai_use_method_results,english_first,first_top300_ins,journal + subfield,1442668,0.11932132189596789,1.709130852653783e-08
ins,first,300,1,0,"English, less-established",1,1,"English, more-established",0.0033001725445533474,0.0005013228751610334,6.58292830442512,4.6127161108499216e-11,0.002317597764611652,0.004282747324495043,post_gpt:first_top300_ins; english_first:post_gpt:first_top300_ins,,ai_use_method_results,english_first,first_top300_ins,journal + subfield,1442668,0.11932132189596789,1.8450864443399686e-10
ins,last,100,0,0,"Non-English, less-established",0,1,"Non-English, more-established",0.0038735544665253886,0.0003539908051789886,10.942528477729248,7.215891140047355e-28,0.003179745237516236,0.004567363695534541,post_gpt:last_top100_ins,,ai_use_method_results,english_last,last_top100_ins,journal + subfield,1418895,0.11819904541121018,3.6079455700236776e-27
ins,last,100,0,0,"Non-English, less-established",1,0,"English, less-established",0.0022295723569382767,0.0004791336132611311,4.653341563250217,3.2659857203047667e-06,0.001290487731163917,0.0031686569827126363,english_last:post_gpt,,ai_use_method_results,english_last,last_top100_ins,journal + subfield,1418895,0.11819904541121018,9.7979571609143e-06
ins,last,100,0,0,"Non-English, less-established",1,1,"English, more-established",0.005078405325345795,0.000380357289420831,13.35167082791727,1.158216011632668e-40,0.004332918736823689,0.005823891913867901,english_last:post_gpt:last_top100_ins; post_gpt:last_top100_ins; english_last:post_gpt,,ai_use_method_results,english_last,last_top100_ins,journal + subfield,1418895,0.11819904541121018,6.949296069796008e-40
ins,last,100,0,1,"Non-English, more-established",1,0,"English, less-established",-0.001643982109587112,0.0004606452022182366,-3.568868408203358,0.00035852643745690264,-0.002546830115586026,-0.000741134103588198,post_gpt:last_top100_ins; english_last:post_gpt,,ai_use_method_results,english_last,last_top100_ins,journal + subfield,1418895,0.11819904541121018,0.00035852643745690264
ins,last,100,0,1,"Non-English, more-established",1,1,"English, more-established",0.001204850858820406,0.00030202511747188257,3.989240593317783,6.62851639445974e-05,0.0006128925061490372,0.001796809211491775,english_last:post_gpt:last_top100_ins; english_last:post_gpt,,ai_use_method_results,english_last,last_top100_ins,journal + subfield,1418895,0.11819904541121018,0.0001325703278891948
ins,last,100,1,0,"English, less-established",1,1,"English, more-established",0.002848832968407518,0.00044434674206630356,6.411283573634095,1.4429950174647588e-10,0.0019779293573098542,0.003719736579505182,english_last:post_gpt:last_top100_ins; post_gpt:last_top100_ins,,ai_use_method_results,english_last,last_top100_ins,journal + subfield,1418895,0.11819904541121018,5.771980069859035e-10
ins,last,200,0,0,"Non-English, less-established",0,1,"Non-English, more-established",0.0038976584901599894,0.00029430247435640114,13.243716345517075,4.905983235936209e-40,0.0033208362398604203,0.0044744807404595585,post_gpt:last_top200_ins,,ai_use_method_results,english_last,last_top200_ins,journal + subfield,1418895,0.11847579347963211,2.4529916179681044e-39
ins,last,200,0,0,"Non-English, less-established",1,0,"English, less-established",0.0023381507547995625,0.0005185660588877954,4.50887734498929,6.5171571231204214e-06,0.0013217799557746067,0.0033545215538245184,english_last:post_gpt,,ai_use_method_results,english_last,last_top200_ins,journal + subfield,1418895,0.11847579347963211,1.3034314246240843e-05
ins,last,200,0,0,"Non-English, less-established",1,1,"English, more-established",0.005375095120766279,0.0003948029319661559,13.614628174106501,3.278098451715255e-42,0.004601295593121796,0.006148894648410762,post_gpt:last_top200_ins; english_last:post_gpt:last_top200_ins; english_last:post_gpt,,ai_use_method_results,english_last,last_top200_ins,journal + subfield,1418895,0.11847579347963211,1.966859071029153e-41
ins,last,200,0,1,"Non-English, more-established",1,0,"English, less-established",-0.001559507735360427,0.0004908807933130917,-3.1769581466711565,0.0014882851232484646,-0.002521616410956537,-0.000597399059764317,english_last:post_gpt; post_gpt:last_top200_ins,,ai_use_method_results,english_last,last_top200_ins,journal + subfield,1418895,0.11847579347963211,0.0014882851232484646
ins,last,200,0,1,"Non-English, more-established",1,1,"English, more-established",0.0014774366306062896,0.0002686124607141083,5.500253512731736,3.792455755762128e-08,0.0009509658818079572,0.002003907379404622,english_last:post_gpt:last_top200_ins; english_last:post_gpt,,ai_use_method_results,english_last,last_top200_ins,journal + subfield,1418895,0.11847579347963211,1.1377367267286385e-07
ins,last,200,1,0,"English, less-established",1,1,"English, more-established",0.0030369443659667168,0.00046743899605674835,6.496985471015395,8.194537239770962e-11,0.0021207807687259298,0.003953107963207504,post_gpt:last_top200_ins; english_last:post_gpt:last_top200_ins,,ai_use_method_results,english_last,last_top200_ins,journal + subfield,1418895,0.11847579347963211,3.2778148959083847e-10
ins,last,300,0,0,"Non-English, less-established",0,1,"Non-English, more-established",0.004139966369302799,0.0003163441093282687,13.086908360941777,3.912097687452172e-39,0.0035199433082979915,0.004759989430307607,post_gpt:last_top300_ins,,ai_use_method_results,english_last,last_top300_ins,journal + subfield,1418895,0.11867587290000337,1.9560488437260858e-38
ins,last,300,0,0,"Non-English, less-established",1,0,"English, less-established",0.0024500426861110633,0.0005707353024771459,4.2927827934897556,1.7644759990730717e-05,0.0013314220485502834,0.0035686633236718434,english_last:post_gpt,,ai_use_method_results,english_last,last_top300_ins,journal + subfield,1418895,0.11867587290000337,3.528951998146143e-05
ins,last,300,0,0,"Non-English, less-established",1,1,"English, more-established",0.005399053997591843,0.0004076210519871343,13.245277620652068,4.805017339985674e-40,0.004600131416356731,0.006197976578826956,post_gpt:last_top300_ins; english_last:post_gpt; english_last:post_gpt:last_top300_ins,,ai_use_method_results,english_last,last_top300_ins,journal + subfield,1418895,0.11867587290000337,2.8830104039914044e-39
ins,last,300,0,1,"Non-English, more-established",1,0,"English, less-established",-0.0016899236831917361,0.0005508663906092356,-3.067756014889109,0.0021567262934571517,-0.0027696019690794113,-0.0006102453973040609,post_gpt:last_top300_ins; english_last:post_gpt,,ai_use_method_results,english_last,last_top300_ins,journal + subfield,1418895,0.11867587290000337,0.0021567262934571517
ins,last,300,0,1,"Non-English, more-established",1,1,"English, more-established",0.0012590876282890437,0.00025191204460613305,4.9981239692514094,5.789076479889163e-07,0.0007653490935891754,0.0017528261629889122,english_last:post_gpt; english_last:post_gpt:last_top300_ins,,ai_use_method_results,english_last,last_top300_ins,journal + subfield,1418895,0.11867587290000337,1.736722943966749e-06
ins,last,300,1,0,"English, less-established",1,1,"English, more-established",0.00294901131148078,0.0005091294521991864,5.792262260104018,6.944458846293316e-09,0.0019511359217017678,0.003946886701259793,post_gpt:last_top300_ins; english_last:post_gpt:last_top300_ins,,ai_use_method_results,english_last,last_top300_ins,journal + subfield,1418895,0.11867587290000337,2.7777835385173263e-08
pub,first,1,0,0,"Non-English, less-established",0,1,"Non-English, more-established",0.00023083221486432117,0.0004939881516424643,0.4672828975691536,0.6402974908170681,-0.0007373667711444196,0.001199031200873062,post_gpt:first_cumulative_pubs_top1,,ai_use_method_results,english_first,first_cumulative_pubs_top1,journal + subfield,1454831,0.11822999091555109,0.6402974908170681
pub,first,1,0,0,"Non-English, less-established",1,0,"English, less-established",0.002793436817841177,0.00041728692190401445,6.694283168749131,2.167313819344382e-11,0.0019755694796897306,0.0036113041559926234,english_first:post_gpt,,ai_use_method_results,english_first,first_cumulative_pubs_top1,journal + subfield,1454831,0.11822999091555109,1.083656909672191e-10
pub,first,1,0,0,"Non-English, less-established",1,1,"English, more-established",0.004725730228536137,0.000700209845565144,6.749019966610108,1.4884710767971286e-11,0.0033533441496081014,0.006098116307464173,english_first:post_gpt; english_first:post_gpt:first_cumulative_pubs_top1; post_gpt:first_cumulative_pubs_top1,,ai_use_method_results,english_first,first_cumulative_pubs_top1,journal + subfield,1454831,0.11822999091555109,8.930826460782771e-11
pub,first,1,0,1,"Non-English, more-established",1,0,"English, less-established",0.002562604602976856,0.0007366306055165074,3.4788190767338807,0.0005036284799281684,0.0011188351462545693,0.004006374059699142,english_first:post_gpt; post_gpt:first_cumulative_pubs_top1,,ai_use_method_results,english_first,first_cumulative_pubs_top1,journal + subfield,1454831,0.11822999091555109,0.0015108854397845053
pub,first,1,0,1,"Non-English, more-established",1,1,"English, more-established",0.004494898013671816,0.0008650896320203853,5.195875487692698,2.0375860961023335e-07,0.002799353491512852,0.00619044253583078,english_first:post_gpt; english_first:post_gpt:first_cumulative_pubs_top1,,ai_use_method_results,english_first,first_cumulative_pubs_top1,journal + subfield,1454831,0.11822999091555109,8.150344384409334e-07
pub,first,1,1,0,"English, less-established",1,1,"English, more-established",0.0019322934106949599,0.0007644499057804743,2.5276913452192287,0.011481524040825695,0.00043399912738019257,0.003430587694009727,english_first:post_gpt:first_cumulative_pubs_top1; post_gpt:first_cumulative_pubs_top1,,ai_use_method_results,english_first,first_cumulative_pubs_top1,journal + subfield,1454831,0.11822999091555109,0.02296304808165139
pub,first,5,0,0,"Non-English, less-established",0,1,"Non-English, more-established",0.0001393806333687419,0.0002914600455910489,0.4782152321636172,0.6324970221626014,-0.00043187055892211605,0.0007106318256595999,post_gpt:first_cumulative_pubs_top5,,ai_use_method_results,english_first,first_cumulative_pubs_top5,journal + subfield,1454831,0.11822703585359551,0.6324970221626014
pub,first,5,0,0,"Non-English, less-established",1,0,"English, less-established",0.0027640470593719565,0.00043138477399037905,6.407382054317943,1.4803952709739067e-10,0.0019185484388718624,0.0036095456798720506,english_first:post_gpt,,ai_use_method_results,english_first,first_cumulative_pubs_top5,journal + subfield,1454831,0.11822703585359551,7.401976354869534e-10
pub,first,5,0,0,"Non-English, less-established",1,1,"English, more-established",0.0036190781159078796,0.000440294877403862,8.219668911996601,2.0406575923096004e-16,0.0027561160136188316,0.004482040218196927,english_first:post_gpt; post_gpt:first_cumulative_pubs_top5; english_first:post_gpt:first_cumulative_pubs_top5,,ai_use_method_results,english_first,first_cumulative_pubs_top5,journal + subfield,1454831,0.11822703585359551,1.2243945553857602e-15
pub,first,5,0,1,"Non-English, more-established",1,0,"English, less-established",0.002624666426003215,0.0005586312910937436,4.698387769980417,2.622232160436025e-06,0.0015297692148223663,0.0037195636371840633,english_first:post_gpt; post_gpt:first_cumulative_pubs_top5,,ai_use_method_results,english_first,first_cumulative_pubs_top5,journal + subfield,1454831,0.11822703585359551,7.866696481308074e-06
pub,first,5,0,1,"Non-English, more-established",1,1,"English, more-established",0.0034796974825391375,0.0005453134774660247,6.381095693267433,1.758253897577848e-10,0.0024109027064214347,0.00454849225865684,english_first:post_gpt; english_first:post_gpt:first_cumulative_pubs_top5,,ai_use_method_results,english_first,first_cumulative_pubs_top5,journal + subfield,1454831,0.11822703585359551,7.401976354869534e-10
pub,first,5,1,0,"English, less-established",1,1,"English, more-established",0.0008550310565359231,0.0004935728857041601,1.7323298773109983,0.08321484529483249,-0.00011235402318973534,0.0018224161362615815,post_gpt:first_cumulative_pubs_top5; english_first:post_gpt:first_cumulative_pubs_top5,,ai_use_method_results,english_first,first_cumulative_pubs_top5,journal + subfield,1454831,0.11822703585359551,0.16642969058966497
pub,first,10,0,0,"Non-English, less-established",0,1,"Non-English, more-established",7.175825857827835e-06,0.00025345967324291827,0.028311509148638617,0.9774137013070502,-0.0004895960052315823,0.0005039476569472381,post_gpt:first_cumulative_pubs_top10,,ai_use_method_results,english_first,first_cumulative_pubs_top10,journal + subfield,1454831,0.1182336071520319,0.9774137013070502
pub,first,10,0,0,"Non-English, less-established",1,0,"English, less-established",0.0026781146918006165,0.0004371041449538534,6.1269487437218295,8.958031381588968e-10,0.0018214063101978884,0.0035348230734033445,english_first:post_gpt,,ai_use_method_results,english_first,first_cumulative_pubs_top10,journal + subfield,1454831,0.1182336071520319,3.5832125526355873e-09
pub,first,10,0,0,"Non-English, less-established",1,1,"English, more-established",0.0035672297580677946,0.00042340392825256757,8.42512201714832,3.603745059266222e-17,0.002737373307779981,0.0043970862083556085,english_first:post_gpt; post_gpt:first_cumulative_pubs_top10; english_first:post_gpt:first_cumulative_pubs_top10,,ai_use_method_results,english_first,first_cumulative_pubs_top10,journal + subfield,1454831,0.1182336071520319,2.162247035559733e-16
pub,first,10,0,1,"Non-English, more-established",1,0,"English, less-established",0.0026709388659427887,0.0005452027888172323,4.898982398342362,9.63342729232931e-07,0.0016023610355902164,0.003739516696295361,english_first:post_gpt; post_gpt:first_cumulative_pubs_top10,,ai_use_method_results,english_first,first_cumulative_pubs_top10,journal + subfield,1454831,0.1182336071520319,2.890028187698793e-06
pub,first,10,0,1,"Non-English, more-established",1,1,"English, more-established",0.003560053932209967,0.0004799738004320774,7.417183873380525,1.1963680345883663e-13,0.0026193225698402794,0.004500785294579654,english_first:post_gpt; english_first:post_gpt:first_cumulative_pubs_top10,,ai_use_method_results,english_first,first_cumulative_pubs_top10,journal + subfield,1454831,0.1182336071520319,5.981840172941831e-13
pub,first,10,1,0,"English, less-established",1,1,"English, more-established",0.0008891150662671782,0.00042861633168137187,2.074384479889897,0.03804361754446498,4.904249298601519e-05,0.001729187639548341,post_gpt:first_cumulative_pubs_top10; english_first:post_gpt:first_cumulative_pubs_top10,,ai_use_method_results,english_first,first_cumulative_pubs_top10,journal + subfield,1454831,0.1182336071520319,0.07608723508892996
pub,first,20,0,0,"Non-English, less-established",0,1,"Non-English, more-established",5.707893922814194e-05,0.0002035702181855605,0.2803894387739602,0.7791787388572051,-0.00034191135674051736,0.00045606923519680124,post_gpt:first_cumulative_pubs_top20,,ai_use_method_results,english_first,first_cumulative_pubs_top20,journal + subfield,1454831,0.1182304064943378,0.7791787388572051
pub,first,20,0,0,"Non-English, less-established",1,0,"English, less-established",0.0025702424869394006,0.00046709264270839275,5.5026396306225065,3.741466911164553e-08,0.0016547577297873154,0.003485727244091486,english_first:post_gpt,,ai_use_method_results,english_first,first_cumulative_pubs_top20,journal + subfield,1454831,0.1182304064943378,1.4965867644658213e-07
pub,first,20,0,0,"Non-English, less-established",1,1,"English, more-established",0.003436027336384692,0.0003619230330881565,9.493806755172034,2.22747776052327e-21,0.002726671226356407,0.004145383446412977,english_first:post_gpt; english_first:post_gpt:first_cumulative_pubs_top20; post_gpt:first_cumulative_pubs_top20,,ai_use_method_results,english_first,first_cumulative_pubs_top20,journal + subfield,1454831,0.1182304064943378,1.336486656313962e-20
pub,first,20,0,1,"Non-English, more-established",1,0,"English, less-established",0.002513163547711259,0.0005311546173070611,4.731510309470577,2.228554972435112e-06,0.0014721196275672638,0.003554207467855254,english_first:post_gpt; post_gpt:first_cumulative_pubs_top20,,ai_use_method_results,english_first,first_cumulative_pubs_top20,journal + subfield,1454831,0.1182304064943378,6.685664917305336e-06
pub,first,20,0,1,"Non-English, more-established",1,1,"English, more-established",0.0033789483971565504,0.0004066340747407335,8.309555462883772,9.606125032866128e-17,0.0025819602557779443,0.0041759365385351565,english_first:post_gpt; english_first:post_gpt:first_cumulative_pubs_top20,,ai_use_method_results,english_first,first_cumulative_pubs_top20,journal + subfield,1454831,0.1182304064943378,4.803062516433064e-16
pub,first,20,1,0,"English, less-established",1,1,"English, more-established",0.0008657848494452918,0.00036398029998977333,2.378658541326598,0.01737576311941447,0.00015239657038325144,0.001579173128507332,english_first:post_gpt:first_cumulative_pubs_top20; post_gpt:first_cumulative_pubs_top20,,ai_use_method_results,english_first,first_cumulative_pubs_top20,journal + subfield,1454831,0.1182304064943378,0.03475152623882894
pub,last,1,0,0,"Non-English, less-established",0,1,"Non-English, more-established",0.002975215286244024,0.00030927433853505053,9.619987550007608,6.583913199121832e-22,0.0023690487213728767,0.003581381851115171,post_gpt:last_cumulative_pubs_top1,,ai_use_method_results,english_last,last_cumulative_pubs_top1,journal + subfield,1444004,0.11789893715831123,3.291956599560916e-21
pub,last,1,0,0,"Non-English, less-established",1,0,"English, less-established",0.002851248410229319,0.00042348354893922724,6.732843382868912,1.66379127270803e-11,0.0020212359062632282,0.00368126091419541,english_last:post_gpt,,ai_use_method_results,english_last,last_cumulative_pubs_top1,journal + subfield,1444004,0.11789893715831123,6.65516509083212e-11
pub,last,1,0,0,"Non-English, less-established",1,1,"English, more-established",0.004177268772937297,0.00040612458220628335,10.285683152308007,8.176019764007402e-25,0.0033812792185766052,0.0049732583272979886,english_last:post_gpt:last_cumulative_pubs_top1; english_last:post_gpt; post_gpt:last_cumulative_pubs_top1,,ai_use_method_results,english_last,last_cumulative_pubs_top1,journal + subfield,1444004,0.11789893715831123,4.9056118584044415e-24
pub,last,1,0,1,"Non-English, more-established",1,0,"English, less-established",-0.00012396687601470488,0.0005135003868545136,-0.24141535077329462,0.8092332163529505,-0.0011304091402969364,0.0008824753882675266,english_last:post_gpt; post_gpt:last_cumulative_pubs_top1,,ai_use_method_results,english_last,last_cumulative_pubs_top1,journal + subfield,1444004,0.11789893715831123,0.8092332163529505
pub,last,1,0,1,"Non-English, more-established",1,1,"English, more-established",0.0012020534866932732,0.00037039974435325155,3.2452870311564537,0.001173322919893644,0.0004760833278780568,0.0019280236455084896,english_last:post_gpt:last_cumulative_pubs_top1; english_last:post_gpt,,ai_use_method_results,english_last,last_cumulative_pubs_top1,journal + subfield,1444004,0.11789893715831123,0.003519968759680932
pub,last,1,1,0,"English, less-established",1,1,"English, more-established",0.001326020362707978,0.0004568702838787141,2.9024001111440163,0.00370315235926643,0.0004305710606991079,0.002221469664716848,english_last:post_gpt:last_cumulative_pubs_top1; post_gpt:last_cumulative_pubs_top1,,ai_use_method_results,english_last,last_cumulative_pubs_top1,journal + subfield,1444004,0.11789893715831123,0.00740630471853286
pub,last,5,0,0,"Non-English, less-established",0,1,"Non-English, more-established",0.0035557803186250705,0.0002931385970349042,12.130031168163372,7.322156374931351e-34,0.0029812392259580584,0.004130321411292083,post_gpt:last_cumulative_pubs_top5,,ai_use_method_results,english_last,last_cumulative_pubs_top5,journal + subfield,1444004,0.11831998890132311,3.6610781874656754e-33
pub,last,5,0,0,"Non-English, less-established",1,0,"English, less-established",0.003111225417369049,0.0005574349913778195,5.581324218056337,2.3869421618974516e-08,0.002018672910546127,0.004203777924191971,english_last:post_gpt,,ai_use_method_results,english_last,last_cumulative_pubs_top5,journal + subfield,1444004,0.11831998890132311,7.160826485692355e-08
pub,last,5,0,0,"Non-English, less-established",1,1,"English, more-established",0.00507891169939498,0.0003873895764524153,13.11060495201229,2.8630550927776103e-39,0.0043196420815620196,0.00583818131722794,post_gpt:last_cumulative_pubs_top5; english_last:post_gpt:last_cumulative_pubs_top5; english_last:post_gpt,,ai_use_method_results,english_last,last_cumulative_pubs_top5,journal + subfield,1444004,0.11831998890132311,1.717833055666566e-38
pub,last,5,0,1,"Non-English, more-established",1,0,"English, less-established",-0.0004445549012560214,0.0005784890235992643,-0.7684759487571144,0.4422044742133818,-0.0015783725529623209,0.000689262750450278,english_last:post_gpt; post_gpt:last_cumulative_pubs_top5,,ai_use_method_results,english_last,last_cumulative_pubs_top5,journal + subfield,1444004,0.11831998890132311,0.4422044742133818
pub,last,5,0,1,"Non-English, more-established",1,1,"English, more-established",0.0015231313807699091,0.0002618453351617652,5.816912414456173,5.994453007484293e-09,0.00100992395433303,0.0020363388072067883,english_last:post_gpt:last_cumulative_pubs_top5; english_last:post_gpt,,ai_use_method_results,english_last,last_cumulative_pubs_top5,journal + subfield,1444004,0.11831998890132311,2.3977812029937173e-08
pub,last,5,1,0,"English, less-established",1,1,"English, more-established",0.0019676862820259306,0.0005275693978732942,3.7297202793754685,0.00019169245868033558,0.0009336692628487918,0.003001703301203069,post_gpt:last_cumulative_pubs_top5; english_last:post_gpt:last_cumulative_pubs_top5,,ai_use_method_results,english_last,last_cumulative_pubs_top5,journal + subfield,1444004,0.11831998890132311,0.00038338491736067116
pub,last,10,0,0,"Non-English, less-established",0,1,"Non-English, more-established",0.004084553457878048,0.0003489070197929832,11.706710459140472,1.1776032266829427e-31,0.0034007082651305973,0.004768398650625499,post_gpt:last_cumulative_pubs_top10,,ai_use_method_results,english_last,last_cumulative_pubs_top10,journal + subfield,1444004,0.11866151990912954,5.888016133414714e-31
pub,last,10,0,0,"Non-English, less-established",1,0,"English, less-established",0.0031521756641441816,0.000693022399918368,4.548447011980392,5.404324665917705e-06,0.0017938767198246663,0.0045104746084636965,english_last:post_gpt,,ai_use_method_results,english_last,last_cumulative_pubs_top10,journal + subfield,1444004,0.11866151990912954,1.6212973997753117e-05
pub,last,10,0,0,"Non-English, less-established",1,1,"English, more-established",0.005938340964448629,0.00043670392384719957,13.598093903379773,4.110058127252571e-42,0.005082417001800795,0.0067942649270964625,english_last:post_gpt; post_gpt:last_cumulative_pubs_top10; english_last:post_gpt:last_cumulative_pubs_top10,,ai_use_method_results,english_last,last_cumulative_pubs_top10,journal + subfield,1444004,0.11866151990912954,2.4660348763515424e-41
pub,last,10,0,1,"Non-English, more-established",1,0,"English, less-established",-0.0009323777937338667,0.0007157600313061475,-1.3026402047519003,0.19269762502510246,-0.002335241676667177,0.00047048608919944405,english_last:post_gpt; post_gpt:last_cumulative_pubs_top10,,ai_use_method_results,english_last,last_cumulative_pubs_top10,journal + subfield,1444004,0.11866151990912954,0.19269762502510246
pub,last,10,0,1,"Non-English, more-established",1,1,"English, more-established",0.0018537875065705806,0.00025775283371707843,7.192113001579585,6.379619352612475e-13,0.0013486012355719656,0.0023589737775691955,english_last:post_gpt; english_last:post_gpt:last_cumulative_pubs_top10,,ai_use_method_results,english_last,last_cumulative_pubs_top10,journal + subfield,1444004,0.11866151990912954,2.55184774104499e-12
pub,last,10,1,0,"English, less-established",1,1,"English, more-established",0.0027861653003044473,0.0006424959457476106,4.336471410823386,1.4478824899450156e-05,0.00152689638642613,0.004045434214182764,post_gpt:last_cumulative_pubs_top10; english_last:post_gpt:last_cumulative_pubs_top10,,ai_use_method_results,english_last,last_cumulative_pubs_top10,journal + subfield,1444004,0.11866151990912954,2.8957649798900313e-05
pub,last,20,0,0,"Non-English, less-established",0,1,"Non-English, more-established",0.00529511775167502,0.00043517238829347176,12.167862424451656,4.609972210391876e-34,0.004442195543553536,0.0061480399597965045,post_gpt:last_cumulative_pubs_top20,,ai_use_method_results,english_last,last_cumulative_pubs_top20,journal + subfield,1444004,0.11911526710793696,2.3049861051959382e-33
pub,last,20,0,0,"Non-English, less-established",1,0,"English, less-established",0.0030711068038437386,0.0009489389017242591,3.2363588406623625,0.0012106508775086395,0.001211220732935197,0.0049309928747522805,english_last:post_gpt,,ai_use_method_results,english_last,last_cumulative_pubs_top20,journal + subfield,1444004,0.11911526710793696,0.002421301755017279
pub,last,20,0,0,"Non-English, less-established",1,1,"English, more-established",0.007448606812544136,0.0005259830198876846,14.161306602891226,1.590099093062836e-45,0.006417699037084659,0.008479514588003613,post_gpt:last_cumulative_pubs_top20; english_last:post_gpt; english_last:post_gpt:last_cumulative_pubs_top20,,ai_use_method_results,english_last,last_cumulative_pubs_top20,journal + subfield,1444004,0.11911526710793696,9.540594558377017e-45
pub,last,20,0,1,"Non-English, more-established",1,0,"English, less-established",-0.0022240109478312816,0.0009845895979267137,-2.258820276503492,0.023894566712301536,-0.0041537710993204136,-0.00029425079634215,post_gpt:last_cumulative_pubs_top20; english_last:post_gpt,,ai_use_method_results,english_last,last_cumulative_pubs_top20,journal + subfield,1444004,0.11911526710793696,0.023894566712301536
pub,last,20,0,1,"Non-English, more-established",1,1,"English, more-established",0.0021534890608691164,0.00026465658619933364,8.136918456460233,4.054656079564253e-16,0.0016347716836471022,0.0026722064380911305,english_last:post_gpt; english_last:post_gpt:last_cumulative_pubs_top20,,ai_use_method_results,english_last,last_cumulative_pubs_top20,journal + subfield,1444004,0.11911526710793696,1.6218624318257013e-15
pub,last,20,1,0,"English, less-established",1,1,"English, more-established",0.0043775000087003975,0.0008897515237458272,4.919912910372161,8.658272885045076e-07,0.0026336190669689415,0.006121380950431854,post_gpt:last_cumulative_pubs_top20; english_last:post_gpt:last_cumulative_pubs_top20,,ai_use_method_results,english_last,last_cumulative_pubs_top20,journal + subfield,1444004,0.11911526710793696,2.597481865513523e-06
pub_recent2year,first,5,0,0,"Non-English, less-established",0,1,"Non-English, more-established",-0.0025904995854930425,0.000280696802345224,-9.228817584843853,2.736357553593389e-20,-0.0031406552086652396,-0.0020403439623208454,post_gpt:first_recent2year_top5,,ai_use_method_results,english_first,first_recent2year_top5,journal + subfield,1454831,0.11866820560556535,1.3681787767966945e-19
pub_recent2year,first,5,0,0,"Non-English, less-established",1,0,"English, less-established",0.0027140766875461326,0.0004172024905080652,6.505418230463955,7.747751907135045e-11,0.001896374831889911,0.003531778543202354,english_first:post_gpt,,ai_use_method_results,english_first,first_recent2year_top5,journal + subfield,1454831,0.11866820560556535,3.099100762854018e-10
pub_recent2year,first,5,0,0,"Non-English, less-established",1,1,"English, more-established",0.0007595946090331557,0.0005413391459489321,1.4031769450214726,0.1605640807510943,-0.0003014106204484233,0.0018205998385147346,post_gpt:first_recent2year_top5; english_first:post_gpt; english_first:post_gpt:first_recent2year_top5,,ai_use_method_results,english_first,first_recent2year_top5,journal + subfield,1454831,0.11866820560556535,0.1605640807510943
pub_recent2year,first,5,0,1,"Non-English, more-established",1,0,"English, less-established",0.005304576273039175,0.0005068343936342608,10.466093737251454,1.2364030855428512e-25,0.004311199115389827,0.006297953430688522,post_gpt:first_recent2year_top5; english_first:post_gpt,,ai_use_method_results,english_first,first_recent2year_top5,journal + subfield,1454831,0.11866820560556535,7.418418513257107e-25
pub_recent2year,first,5,0,1,"Non-English, more-established",1,1,"English, more-established",0.003350094194526198,0.0005504096872827395,6.086546570546261,1.1537210988134536e-09,0.002271311030710075,0.004428877358342321,english_first:post_gpt; english_first:post_gpt:first_recent2year_top5,,ai_use_method_results,english_first,first_recent2year_top5,journal + subfield,1454831,0.11866820560556535,3.461163296440361e-09
pub_recent2year,first,5,1,0,"English, less-established",1,1,"English, more-established",-0.001954482078512977,0.00041027470189481275,-4.76383766653512,1.8994533360720257e-06,-0.002758605717994717,-0.001150358439031237,post_gpt:first_recent2year_top5; english_first:post_gpt:first_recent2year_top5,,ai_use_method_results,english_first,first_recent2year_top5,journal + subfield,1454831,0.11866820560556535,3.7989066721440513e-06
pub_recent2year,first,10,0,0,"Non-English, less-established",0,1,"Non-English, more-established",-0.0020513243370173812,0.00022235750890410984,-9.225343219247886,2.8265421240464246e-20,-0.002487137046161481,-0.0016155116278732816,post_gpt:first_recent2year_top10,,ai_use_method_results,english_first,first_recent2year_top10,journal + subfield,1454831,0.11869998673826787,1.4132710620232123e-19
pub_recent2year,first,10,0,0,"Non-English, less-established",1,0,"English, less-established",0.0027193122500254003,0.00042259422615548376,6.434806918125976,1.2363038547132446e-10,0.0018910427866860777,0.003547581713364723,english_first:post_gpt,,ai_use_method_results,english_first,first_recent2year_top10,journal + subfield,1454831,0.11869998673826787,4.945215418852979e-10
pub_recent2year,first,10,0,0,"Non-English, less-established",1,1,"English, more-established",0.0010186756647177016,0.000472339364708733,2.156660530180172,0.031032124474530305,9.290752140805544e-05,0.0019444438080273478,english_first:post_gpt:first_recent2year_top10; english_first:post_gpt; post_gpt:first_recent2year_top10,,ai_use_method_results,english_first,first_recent2year_top10,journal + subfield,1454831,0.11869998673826787,0.031032124474530305
pub_recent2year,first,10,0,1,"Non-English, more-established",1,0,"English, less-established",0.0047706365870427815,0.0004891073320929462,9.753762158151837,1.7775590398790077e-22,0.0038120038315661354,0.005729269342519428,english_first:post_gpt; post_gpt:first_recent2year_top10,,ai_use_method_results,english_first,first_recent2year_top10,journal + subfield,1454831,0.11869998673826787,1.0665354239274047e-21
pub_recent2year,first,10,0,1,"Non-English, more-established",1,1,"English, more-established",0.003070000001735083,0.0004920393248501725,6.239338700559975,4.3942460510297314e-10,0.002105620646051341,0.004034379357418825,english_first:post_gpt:first_recent2year_top10; english_first:post_gpt,,ai_use_method_results,english_first,first_recent2year_top10,journal + subfield,1454831,0.11869998673826787,1.3182738153089195e-09
pub_recent2year,first,10,1,0,"English, less-established",1,1,"English, more-established",-0.0017006365853076987,0.00033108030868992186,-5.136628608439698,2.797109545166945e-07,-0.002349542066330349,-0.0010517311042850485,english_first:post_gpt:first_recent2year_top10; post_gpt:first_recent2year_top10,,ai_use_method_results,english_first,first_recent2year_top10,journal + subfield,1454831,0.11869998673826787,5.59421909033389e-07
pub_recent2year,first,20,0,0,"Non-English, less-established",0,1,"Non-English, more-established",-0.0015293940945370248,0.00019678603976712778,-7.771862761946304,7.734021930083137e-15,-0.0019150876451408622,-0.0011437005439331874,post_gpt:first_recent2year_top20,,ai_use_method_results,english_first,first_recent2year_top20,journal + subfield,1454831,0.11858212984761396,3.8670109650415684e-14
pub_recent2year,first,20,0,0,"Non-English, less-established",1,0,"English, less-established",0.0026375245481480834,0.00041882625534975774,6.297419310414321,3.0264180726518606e-10,0.001816640171882782,0.003458408924413385,english_first:post_gpt,,ai_use_method_results,english_first,first_recent2year_top20,journal + subfield,1454831,0.11858212984761396,9.079254217955581e-10
pub_recent2year,first,20,0,0,"Non-English, less-established",1,1,"English, more-established",0.001483610984114082,0.00042117005001330194,3.522593745844997,0.0004273458750510293,0.0006581328547210768,0.002309089113507087,english_first:post_gpt; post_gpt:first_recent2year_top20; english_first:post_gpt:first_recent2year_top20,,ai_use_method_results,english_first,first_recent2year_top20,journal + subfield,1454831,0.11858212984761396,0.0004273458750510293
pub_recent2year,first,20,0,1,"Non-English, more-established",1,0,"English, less-established",0.004166918642685109,0.0004923461727510852,8.463391965457141,2.5971099451185933e-17,0.003201937876166846,0.005131899409203371,english_first:post_gpt; post_gpt:first_recent2year_top20,,ai_use_method_results,english_first,first_recent2year_top20,journal + subfield,1454831,0.11858212984761396,1.558265967071156e-16
pub_recent2year,first,20,0,1,"Non-English, more-established",1,1,"English, more-established",0.0030130050786511065,0.00046585206906091427,6.467729304551247,9.948650683704528e-11,0.0020999518011682486,0.003926058356133964,english_first:post_gpt; english_first:post_gpt:first_recent2year_top20,,ai_use_method_results,english_first,first_recent2year_top20,journal + subfield,1454831,0.11858212984761396,3.979460273481811e-10
pub_recent2year,first,20,1,0,"English, less-established",1,1,"English, more-established",-0.0011539135640340015,0.0002762409708276024,-4.177199206102344,2.9512054811546403e-05,-0.001695335917910482,-0.000612491210157521,post_gpt:first_recent2year_top20; english_first:post_gpt:first_recent2year_top20,,ai_use_method_results,english_first,first_recent2year_top20,journal + subfield,1454831,0.11858212984761396,5.9024109623092805e-05
pub_recent2year,last,5,0,0,"Non-English, less-established",0,1,"Non-English, more-established",0.0008566798935529445,0.00023257493641496747,3.6834574987238926,0.00023009166215373197,0.00040084139447291514,0.0013125183926329738,post_gpt:last_recent2year_top5,,ai_use_method_results,english_last,last_recent2year_top5,journal + subfield,1444004,0.117840607259868,0.00046018332430746394
pub_recent2year,last,5,0,0,"Non-English, less-established",1,0,"English, less-established",0.0031856314151396206,0.0005124343491502281,6.216662525496906,5.078403476678684e-10,0.00218127854636395,0.004189984283915291,english_last:post_gpt,,ai_use_method_results,english_last,last_recent2year_top5,journal + subfield,1444004,0.117840607259868,2.0313613906714735e-09
pub_recent2year,last,5,0,0,"Non-English, less-established",1,1,"English, more-established",0.002935685077458352,0.00038796399481244955,7.566900837995361,3.8223344695390093e-14,0.002175289620327667,0.0036960805345890376,english_last:post_gpt:last_recent2year_top5; english_last:post_gpt; post_gpt:last_recent2year_top5,,ai_use_method_results,english_last,last_recent2year_top5,journal + subfield,1444004,0.117840607259868,2.2934006817234056e-13
pub_recent2year,last,5,0,1,"Non-English, more-established",1,0,"English, less-established",0.002328951521586676,0.0004983803645796268,4.673040286310431,2.967735259052539e-06,0.0013521439564086657,0.003305759086764686,english_last:post_gpt; post_gpt:last_recent2year_top5,,ai_use_method_results,english_last,last_recent2year_top5,journal + subfield,1444004,0.117840607259868,8.903205777157617e-06
pub_recent2year,last,5,0,1,"Non-English, more-established",1,1,"English, more-established",0.0020790051839054075,0.0003267916140730044,6.361868219301867,1.9931441647345375e-10,0.001438505389872606,0.002719504977938209,english_last:post_gpt; english_last:post_gpt:last_recent2year_top5,,ai_use_method_results,english_last,last_recent2year_top5,journal + subfield,1444004,0.117840607259868,9.965720823672687e-10
pub_recent2year,last,5,1,0,"English, less-established",1,1,"English, more-established",-0.0002499463376812684,0.0003604983291454226,-0.6933356342421263,0.48809894534877063,-0.0009565100792931628,0.000456617403930626,english_last:post_gpt:last_recent2year_top5; post_gpt:last_recent2year_top5,,ai_use_method_results,english_last,last_recent2year_top5,journal + subfield,1444004,0.117840607259868,0.48809894534877063
pub_recent2year,last,10,0,0,"Non-English, less-established",0,1,"Non-English, more-established",0.0011259086814179838,0.0002655600841875283,4.239751184228841,2.2376767768186454e-05,0.0006054204806790036,0.0016463968821569639,post_gpt:last_recent2year_top10,,ai_use_method_results,english_last,last_recent2year_top10,journal + subfield,1444004,0.11783075967673184,6.713030330455935e-05
pub_recent2year,last,10,0,0,"Non-English, less-established",1,0,"English, less-established",0.0033263182815531462,0.0005877281918869032,5.659620088793071,1.5170845988765125e-08,0.00217439219275597,0.004478244370350323,english_last:post_gpt,,ai_use_method_results,english_last,last_recent2year_top10,journal + subfield,1444004,0.11783075967673184,6.06833839550605e-08
pub_recent2year,last,10,0,0,"Non-English, less-established",1,1,"English, more-established",0.0033912834596422077,0.00040862641054690527,8.299227294445595,1.0479071432030107e-16,0.002590390411838395,0.00419217650744602,post_gpt:last_recent2year_top10; english_last:post_gpt; english_last:post_gpt:last_recent2year_top10,,ai_use_method_results,english_last,last_recent2year_top10,journal + subfield,1444004,0.11783075967673184,6.287442859218064e-16
pub_recent2year,last,10,0,1,"Non-English, more-established",1,0,"English, less-established",0.0022004096001351624,0.0005855570403531913,3.7578057277015033,0.000171409875862123,0.0010527388901490405,0.0033480803101212844,post_gpt:last_recent2year_top10; english_last:post_gpt,,ai_use_method_results,english_last,last_recent2year_top10,journal + subfield,1444004,0.11783075967673184,0.000342819751724246
pub_recent2year,last,10,0,1,"Non-English, more-established",1,1,"English, more-established",0.002265374778224224,0.0003271442647785762,6.924696600619047,4.369108827446821e-12,0.0016241838015093792,0.0029065657549390686,english_last:post_gpt; english_last:post_gpt:last_recent2year_top10,,ai_use_method_results,english_last,last_recent2year_top10,journal + subfield,1444004,0.11783075967673184,2.1845544137234104e-11
pub_recent2year,last,10,1,0,"English, less-established",1,1,"English, more-established",6.496517808906145e-05,0.0004197477023031177,0.1547719683338429,0.8770010909119266,-0.0007577252010184896,0.0008876555571966125,post_gpt:last_recent2year_top10; english_last:post_gpt:last_recent2year_top10,,ai_use_method_results,english_last,last_recent2year_top10,journal + subfield,1444004,0.11783075967673184,0.8770010909119266
pub_recent2year,last,20,0,0,"Non-English, less-established",0,1,"Non-English, more-established",0.0018630499675063182,0.0003480568679777681,5.352717153178886,8.664322807630006e-08,0.0011808710416980803,0.002545228893314556,post_gpt:last_recent2year_top20,,ai_use_method_results,english_last,last_recent2year_top20,journal + subfield,1444004,0.11785534467157355,3.4657291230520025e-07
pub_recent2year,last,20,0,0,"Non-English, less-established",1,0,"English, less-established",0.0034802741572976777,0.000721953369989971,4.820635655937203,1.4310150621623567e-06,0.0020652715536000144,0.004895276760995341,english_last:post_gpt,,ai_use_method_results,english_last,last_recent2year_top20,journal + subfield,1444004,0.11785534467157355,4.29304518648707e-06
pub_recent2year,last,20,0,0,"Non-English, less-established",1,1,"English, more-established",0.004291126446411447,0.00048035239164504514,8.933288396287118,4.1352986083571954e-19,0.0033496530588994797,0.005232599833923414,english_last:post_gpt; post_gpt:last_recent2year_top20; english_last:post_gpt:last_recent2year_top20,,ai_use_method_results,english_last,last_recent2year_top20,journal + subfield,1444004,0.11785534467157355,2.4811791650143172e-18
pub_recent2year,last,20,0,1,"Non-English, more-established",1,0,"English, less-established",0.0016172241897913595,0.0007102501257415529,2.27697839279206,0.02278751594683209,0.0002251595233228711,0.003009288856259848,english_last:post_gpt; post_gpt:last_recent2year_top20,,ai_use_method_results,english_last,last_recent2year_top20,journal + subfield,1444004,0.11785534467157355,0.04557503189366418
pub_recent2year,last,20,0,1,"Non-English, more-established",1,1,"English, more-established",0.0024280764789051286,0.00033118761882130966,7.331422857975808,2.27721892332134e-13,0.0017789606738897819,0.003077192283920475,english_last:post_gpt; english_last:post_gpt:last_recent2year_top20,,ai_use_method_results,english_last,last_recent2year_top20,journal + subfield,1444004,0.11785534467157355,1.13860946166067e-12
pub_recent2year,last,20,1,0,"English, less-established",1,1,"English, more-established",0.0008108522891137693,0.0005317305078730731,1.5249309135132867,0.1272763303448671,-0.00023132035579864567,0.0018530249340261843,post_gpt:last_recent2year_top20; english_last:post_gpt:last_recent2year_top20,,ai_use_method_results,english_last,last_recent2year_top20,journal + subfield,1444004,0.11785534467157355,0.1272763303448671
