indicator,order,level,outcome,eng_var,top_var,term,estimate,std_error,t_value,pvalue,lower,upper,status,model_fe_type,n,r2
age,first,10,ai_use_intro_discussion,english_first,first_senior_10,english_first,0.009215531867189194,0.0008661921497605006,10.639131132436678,0.0,0.007517529670789462,0.010913534063588927,success,journal + subfield,2052933,0.19181869703241916
age,first,10,ai_use_intro_discussion,english_first,first_senior_10,english_first:first_senior_10,0.0012986200463324885,0.0005138504153498647,2.527233621964281,0.011518571401103905,0.0002913156807523645,0.0023059244119126125,success,journal + subfield,2052933,0.19181869703241916
age,first,10,ai_use_intro_discussion,english_first,first_senior_10,english_first:post_gpt,-0.010897467349039045,0.002281986350606767,-4.775430556866159,1.8300990889397184e-06,-0.015370860275257407,-0.006424074422820684,success,journal + subfield,2052933,0.19181869703241916
age,first,10,ai_use_intro_discussion,english_first,first_senior_10,english_first:post_gpt:first_senior_10,-0.007771972063474112,0.001098866635663009,-7.072716389086504,1.6682211168017602e-12,-0.009926087592484716,-0.005617856534463507,success,journal + subfield,2052933,0.19181869703241916
age,first,10,ai_use_intro_discussion,english_first,first_senior_10,first_senior_10,-0.0014251104438194682,0.00031434637037849953,-4.533567357890963,5.897102046903413e-06,-0.0020413257113909406,-0.0008088951762479957,success,journal + subfield,2052933,0.19181869703241916
age,first,10,ai_use_intro_discussion,english_first,first_senior_10,log_paper_authors_count,-0.00565440742916489,0.000809110496931668,-6.988424264186035,3.0393465522138285e-12,-0.007240512084234693,-0.004068302774095086,success,journal + subfield,2052933,0.19181869703241916
age,first,10,ai_use_intro_discussion,english_first,first_senior_10,log_paper_ref_count,0.03410221689548106,0.0013289754408442767,25.660532051530218,0.0,0.031497017554735676,0.03670741623622645,success,journal + subfield,2052933,0.19181869703241916
age,first,10,ai_use_intro_discussion,english_first,first_senior_10,log_sentences_count,-0.03197008313847417,0.0015076016519509471,-21.20592206641757,0.0,-0.03492544462150814,-0.029014721655440206,success,journal + subfield,2052933,0.19181869703241916
age,first,10,ai_use_intro_discussion,english_first,first_senior_10,post_gpt,0.07744290883251508,0.0016497906263437047,46.941052759007015,0.0,0.07420881336316008,0.08067700430187007,success,journal + subfield,2052933,0.19181869703241916
age,first,10,ai_use_intro_discussion,english_first,first_senior_10,post_gpt:first_senior_10,-0.0015336697958510275,0.0008296672327268849,-1.8485360580172394,0.06456743448792168,-0.003160071955972959,9.273236427090434e-05,success,journal + subfield,2052933,0.19181869703241916
age,first,15,ai_use_intro_discussion,english_first,first_senior_15,english_first,0.009404041247800273,0.000823009305677503,11.426409377059043,0.0,0.0077906906660797914,0.011017391829520756,success,journal + subfield,2052933,0.19187381662547354
age,first,15,ai_use_intro_discussion,english_first,first_senior_15,english_first:first_senior_15,0.0012260923237229395,0.0004941934712805034,2.480996603508369,0.01312512605116578,0.00025732159552744314,0.0021948630519184357,success,journal + subfield,2052933,0.19187381662547354
age,first,15,ai_use_intro_discussion,english_first,first_senior_15,english_first:post_gpt,-0.011360952845108721,0.0021939480677555597,-5.178314387692476,2.302105008844535e-07,-0.015661763743551903,-0.007060141946665541,success,journal + subfield,2052933,0.19187381662547354
age,first,15,ai_use_intro_discussion,english_first,first_senior_15,english_first:post_gpt:first_senior_15,-0.009312806806161698,0.001029080966157331,-9.049634686118479,0.0,-0.011330121025981691,-0.007295492586341706,success,journal + subfield,2052933,0.19187381662547354
age,first,15,ai_use_intro_discussion,english_first,first_senior_15,first_senior_15,-0.001867693640409459,0.00032324293592040813,-5.777987491331721,7.888038444647805e-09,-0.0025013489042158914,-0.0012340383766030268,success,journal + subfield,2052933,0.19187381662547354
age,first,15,ai_use_intro_discussion,english_first,first_senior_15,log_paper_authors_count,-0.005670277120958435,0.0008086288997291465,-7.012211810458069,2.567723811353062e-12,-0.007255437697848949,-0.004085116544067921,success,journal + subfield,2052933,0.19187381662547354
age,first,15,ai_use_intro_discussion,english_first,first_senior_15,log_paper_ref_count,0.034072163536828515,0.0013309031530193156,25.600783542763175,0.0,0.031463185289164905,0.036681141784492124,success,journal + subfield,2052933,0.19187381662547354
age,first,15,ai_use_intro_discussion,english_first,first_senior_15,log_sentences_count,-0.031979132662261274,0.0015078059474977537,-21.209050617774484,0.0,-0.03493489462720597,-0.029023370697316583,success,journal + subfield,2052933,0.19187381662547354
age,first,15,ai_use_intro_discussion,english_first,first_senior_15,post_gpt,0.07689582953097726,0.0016385278396168804,46.92982790512549,0.0,0.0736838125768859,0.08010784648506862,success,journal + subfield,2052933,0.19187381662547354
age,first,15,ai_use_intro_discussion,english_first,first_senior_15,post_gpt:first_senior_15,-0.0007487665999294138,0.0008326582654990483,-0.8992483843064302,0.36855164050020894,-0.002381032101364288,0.0008834989015054605,success,journal + subfield,2052933,0.19187381662547354
age,first,20,ai_use_intro_discussion,english_first,first_senior_20,english_first,0.00957670166805057,0.0008025731321773998,11.932497219373333,0.0,0.00800341225231823,0.01114999108378291,success,journal + subfield,2052933,0.1919269043486007
age,first,20,ai_use_intro_discussion,english_first,first_senior_20,english_first:first_senior_20,0.001221311685087389,0.00048372629962697034,2.5247990155367073,0.011598596752005363,0.0002730598226686218,0.002169563547506156,success,journal + subfield,2052933,0.1919269043486007
age,first,20,ai_use_intro_discussion,english_first,first_senior_20,english_first:post_gpt,-0.012428090981932854,0.0021431840841822586,-5.798891039579013,6.96937996202962e-09,-0.016629388907845287,-0.00822679305602042,success,journal + subfield,2052933,0.1919269043486007
age,first,20,ai_use_intro_discussion,english_first,first_senior_20,english_first:post_gpt:first_senior_20,-0.008901546614355724,0.0009896981872120473,-8.994203212022786,0.0,-0.010841658512303017,-0.006961434716408432,success,journal + subfield,2052933,0.1919269043486007
age,first,20,ai_use_intro_discussion,english_first,first_senior_20,first_senior_20,-0.0016129139737972222,0.00031508644693975307,-5.118957001998958,3.1550778900601983e-07,-0.002230580018343365,-0.0009952479292510796,success,journal + subfield,2052933,0.1919269043486007
age,first,20,ai_use_intro_discussion,english_first,first_senior_20,log_paper_authors_count,-0.005687906592110818,0.0008065750985645102,-7.051924367902981,1.935340776526573e-12,-0.007269041089003395,-0.004106772095218241,success,journal + subfield,2052933,0.1919269043486007
age,first,20,ai_use_intro_discussion,english_first,first_senior_20,log_paper_ref_count,0.03407324540163528,0.001331033589872955,25.599087551868255,0.0,0.03146401145774534,0.036682479345525223,success,journal + subfield,2052933,0.1919269043486007
age,first,20,ai_use_intro_discussion,english_first,first_senior_20,log_sentences_count,-0.031979609678208565,0.0015083562891969272,-21.2016284927184,0.0,-0.034936450481623714,-0.02902276887479342,success,journal + subfield,2052933,0.1919269043486007
age,first,20,ai_use_intro_discussion,english_first,first_senior_20,post_gpt,0.07744663937177439,0.0016742820475122429,46.256626526486166,0.0,0.07416453320762306,0.08072874553592571,success,journal + subfield,2052933,0.1919269043486007
age,first,20,ai_use_intro_discussion,english_first,first_senior_20,post_gpt:first_senior_20,-0.0025648160495140553,0.0008931616978014024,-2.871614463346984,0.0040962034741227615,-0.004315686829197555,-0.000813945269830555,success,journal + subfield,2052933,0.1919269043486007
age,last,10,ai_use_intro_discussion,english_last,last_senior_10,english_last,0.008395153727969857,0.001607694904516907,5.221857520592503,1.8237213206262481e-07,0.005243570789969877,0.011546736665969837,success,journal + subfield,2019216,0.19327195979074285
age,last,10,ai_use_intro_discussion,english_last,last_senior_10,english_last:last_senior_10,0.001705317298684449,0.0014465760322551024,1.1788646159344895,0.23849317924970204,-0.001130422448307419,0.004541057045676317,success,journal + subfield,2019216,0.19327195979074285
age,last,10,ai_use_intro_discussion,english_last,last_senior_10,english_last:post_gpt,-0.009716928473450267,0.004623353535529266,-2.101705698856513,0.03561561762944421,-0.018780141946341315,-0.0006537150005592185,success,journal + subfield,2019216,0.19327195979074285
age,last,10,ai_use_intro_discussion,english_last,last_senior_10,english_last:post_gpt:last_senior_10,-0.0073764934640235666,0.0034752253572036896,-2.1225942797444937,0.03382376393373354,-0.01418901797392684,-0.0005639689541202921,success,journal + subfield,2019216,0.19327195979074285
age,last,10,ai_use_intro_discussion,english_last,last_senior_10,last_senior_10,-0.0026748384452355083,0.0008658193455677367,-3.0893724642772424,0.002013862567239011,-0.004372114134307577,-0.0009775627561634391,success,journal + subfield,2019216,0.19327195979074285
age,last,10,ai_use_intro_discussion,english_last,last_senior_10,log_paper_authors_count,-0.005029294711955968,0.0008587226413844588,-5.85671609152821,4.940488684823663e-09,-0.006712658649639628,-0.0033459307742723086,success,journal + subfield,2019216,0.19327195979074285
age,last,10,ai_use_intro_discussion,english_last,last_senior_10,log_paper_ref_count,0.034603982015304235,0.0013290423272955,26.036779494992235,0.0,0.031998644951153433,0.03720931907945504,success,journal + subfield,2019216,0.19327195979074285
age,last,10,ai_use_intro_discussion,english_last,last_senior_10,log_sentences_count,-0.03202545702227434,0.0015256351615589964,-20.9915567163178,0.0,-0.035016177295924135,-0.029034736748624553,success,journal + subfield,2019216,0.19327195979074285
age,last,10,ai_use_intro_discussion,english_last,last_senior_10,post_gpt,0.09760354302584669,0.0029626850672919763,32.94428560881788,0.0,0.09179575718133634,0.10341132887035703,success,journal + subfield,2019216,0.19327195979074285
age,last,10,ai_use_intro_discussion,english_last,last_senior_10,post_gpt:last_senior_10,-0.023507870472589395,0.002105887787445882,-11.162926444955943,0.0,-0.02763606668793491,-0.01937967425724388,success,journal + subfield,2019216,0.19327195979074285
age,last,15,ai_use_intro_discussion,english_last,last_senior_15,english_last,0.009727767131608162,0.0012828121400457013,7.583157991677255,3.8191672047105385e-14,0.007213055638856301,0.012242478624360023,success,journal + subfield,2019216,0.19398232411685568
age,last,15,ai_use_intro_discussion,english_last,last_senior_15,english_last:last_senior_15,0.00025005807932209034,0.0010897756927843577,0.2294583013530026,0.818519601546537,-0.0018862418305531116,0.002386357989197292,success,journal + subfield,2019216,0.19398232411685568
age,last,15,ai_use_intro_discussion,english_last,last_senior_15,english_last:post_gpt,-0.010641709239852372,0.003688775432578313,-2.8848894258695017,0.003927771691198068,-0.017872858435365076,-0.0034105600443396665,success,journal + subfield,2019216,0.19398232411685568
age,last,15,ai_use_intro_discussion,english_last,last_senior_15,english_last:post_gpt:last_senior_15,-0.007215417395704123,0.0026833937549696836,-2.688914879652331,0.007185883925197034,-0.012475705246550652,-0.0019551295448575956,success,journal + subfield,2019216,0.19398232411685568
age,last,15,ai_use_intro_discussion,english_last,last_senior_15,last_senior_15,-0.0021221373197079546,0.0005866661137219443,-3.617282931588854,0.0002998624049981302,-0.003272185695873217,-0.0009720889435426922,success,journal + subfield,2019216,0.19398232411685568
age,last,15,ai_use_intro_discussion,english_last,last_senior_15,log_paper_authors_count,-0.004939886620337957,0.0008598767344452877,-5.744877634728321,9.594735450590974e-09,-0.006625512940012848,-0.0032542603006630666,success,journal + subfield,2019216,0.19398232411685568
age,last,15,ai_use_intro_discussion,english_last,last_senior_15,log_paper_ref_count,0.034504332989652886,0.0013240543037656503,26.05960563061615,0.0,0.03190877400578762,0.03709989197351815,success,journal + subfield,2019216,0.19398232411685568
age,last,15,ai_use_intro_discussion,english_last,last_senior_15,log_sentences_count,-0.032014313572045,0.0015230279533457124,-21.020174647298848,0.0,-0.034999922905243515,-0.02902870423884648,success,journal + subfield,2019216,0.19398232411685568
age,last,15,ai_use_intro_discussion,english_last,last_senior_15,post_gpt,0.09354712065633496,0.0025314678721344744,36.95370645863983,0.0,0.08858465487287123,0.09850958643979868,success,journal + subfield,2019216,0.19398232411685568
age,last,15,ai_use_intro_discussion,english_last,last_senior_15,post_gpt:last_senior_15,-0.02100059293195942,0.0017157623557170923,-12.239802826996023,0.0,-0.024364021745939206,-0.017637164117979637,success,journal + subfield,2019216,0.19398232411685568
age,last,20,ai_use_intro_discussion,english_last,last_senior_20,english_last,0.010017451467130978,0.0010483437848989462,9.555502318446614,0.0,0.00796237100605392,0.012072531928208036,success,journal + subfield,2019216,0.19411000589566496
age,last,20,ai_use_intro_discussion,english_last,last_senior_20,english_last:last_senior_20,-0.00013951020998985444,0.000815019346730494,-0.17117410838099636,0.8640919392095836,-0.0017372020730909248,0.0014581816531112157,success,journal + subfield,2019216,0.19411000589566496
age,last,20,ai_use_intro_discussion,english_last,last_senior_20,english_last:post_gpt,-0.012984198158652961,0.0031714605553364475,-4.0940752476978295,4.287481986331443e-05,-0.019201249009941006,-0.006767147307364916,success,journal + subfield,2019216,0.19411000589566496
age,last,20,ai_use_intro_discussion,english_last,last_senior_20,english_last:post_gpt:last_senior_20,-0.004509170492034827,0.002230554713217082,-2.021546687609086,0.043262150027275625,-0.008881752725579168,-0.00013658825849048595,success,journal + subfield,2019216,0.19411000589566496
age,last,20,ai_use_intro_discussion,english_last,last_senior_20,last_senior_20,-0.001573060461234165,0.00045016000735588,-3.494447386550181,0.0004780592250250848,-0.0024555143363859584,-0.0006906065860823717,success,journal + subfield,2019216,0.19411000589566496
age,last,20,ai_use_intro_discussion,english_last,last_senior_20,log_paper_authors_count,-0.00494794888790829,0.000859471473230179,-5.756966975660351,8.93560780923508e-09,-0.006632780769330387,-0.0032631170064861934,success,journal + subfield,2019216,0.19411000589566496
age,last,20,ai_use_intro_discussion,english_last,last_senior_20,log_paper_ref_count,0.03440437370445419,0.0013299137851307326,25.869627105994834,0.0,0.03179732831141773,0.03701141909749065,success,journal + subfield,2019216,0.19411000589566496
age,last,20,ai_use_intro_discussion,english_last,last_senior_20,log_sentences_count,-0.032001267943598644,0.0015231345901948103,-21.01013800724311,0.0,-0.034987086318247276,-0.029015449568950014,success,journal + subfield,2019216,0.19411000589566496
age,last,20,ai_use_intro_discussion,english_last,last_senior_20,post_gpt,0.08954113860217201,0.0022066251626671448,40.578318473421085,0.0,0.08521546574366849,0.09386681146067553,success,journal + subfield,2019216,0.19411000589566496
age,last,20,ai_use_intro_discussion,english_last,last_senior_20,post_gpt:last_senior_20,-0.01939246407884696,0.001398494201537877,-13.866674640139172,0.0,-0.022133948456309154,-0.016650979701384763,success,journal + subfield,2019216,0.19411000589566496
cit,first,1,ai_use_intro_discussion,english_first,first_cumulative_cits_top1,english_first,0.010009983938307895,0.0008116022265571045,12.333608276028542,0.0,0.008418994729183895,0.011600973147431895,success,journal + subfield,2052933,0.19180493025420098
cit,first,1,ai_use_intro_discussion,english_first,first_cumulative_cits_top1,english_first:first_cumulative_cits_top1,-0.0017705459940856806,0.0016392876928730841,-1.080070326754267,0.2801484785423938,-0.004984052493537539,0.0014429605053661778,success,journal + subfield,2052933,0.19180493025420098
cit,first,1,ai_use_intro_discussion,english_first,first_cumulative_cits_top1,english_first:post_gpt,-0.014435667607687686,0.002157631772933252,-6.690514938080802,2.397593235059503e-11,-0.01866528743335281,-0.01020604778202256,success,journal + subfield,2052933,0.19180493025420098
cit,first,1,ai_use_intro_discussion,english_first,first_cumulative_cits_top1,english_first:post_gpt:first_cumulative_cits_top1,-0.018819612723688137,0.0029817457039994356,-6.311608900264454,2.931990206178625e-10,-0.02466474853552436,-0.012974476911851914,success,journal + subfield,2052933,0.19180493025420098
cit,first,1,ai_use_intro_discussion,english_first,first_cumulative_cits_top1,first_cumulative_cits_top1,-0.0023394060350577692,0.0009103433707903734,-2.5698061963439827,0.010196270307881283,-0.00412395816186634,-0.0005548539082491982,success,journal + subfield,2052933,0.19180493025420098
cit,first,1,ai_use_intro_discussion,english_first,first_cumulative_cits_top1,log_paper_authors_count,-0.00577565785000333,0.0008070394524808679,-7.156599138057938,9.121592370320286e-13,-0.007357702622947358,-0.004193613077059302,success,journal + subfield,2052933,0.19180493025420098
cit,first,1,ai_use_intro_discussion,english_first,first_cumulative_cits_top1,log_paper_ref_count,0.03420378086046647,0.0013282580616317127,25.75085508492866,0.0,0.0315999878029331,0.036807573917999846,success,journal + subfield,2052933,0.19180493025420098
cit,first,1,ai_use_intro_discussion,english_first,first_cumulative_cits_top1,log_sentences_count,-0.031936982924969264,0.0015090560384916256,-21.163550001027012,0.0,-0.034895195451551904,-0.028978770398386623,success,journal + subfield,2052933,0.19180493025420098
cit,first,1,ai_use_intro_discussion,english_first,first_cumulative_cits_top1,post_gpt,0.07666367145577395,0.0016575030380646923,46.25250735304038,0.0,0.07341445729474598,0.07991288561680192,success,journal + subfield,2052933,0.19180493025420098
cit,first,1,ai_use_intro_discussion,english_first,first_cumulative_cits_top1,post_gpt:first_cumulative_cits_top1,-0.008304159464504985,0.002088492115668045,-3.97615073679545,7.075258176736376e-05,-0.012398244363044406,-0.004210074565965563,success,journal + subfield,2052933,0.19180493025420098
cit,first,5,ai_use_intro_discussion,english_first,first_cumulative_cits_top5,english_first,0.009905656642852262,0.0008226153131098739,12.041663320616056,0.0,0.008293078407366254,0.011518234878338269,success,journal + subfield,2052933,0.19185203740782086
cit,first,5,ai_use_intro_discussion,english_first,first_cumulative_cits_top5,english_first:first_cumulative_cits_top5,0.0006015919539423824,0.0008276837009271951,0.7268379856561894,0.46734977860206994,-0.001020921875682173,0.0022241057835669376,success,journal + subfield,2052933,0.19185203740782086
cit,first,5,ai_use_intro_discussion,english_first,first_cumulative_cits_top5,english_first:post_gpt,-0.01394119771025312,0.002176708944000457,-6.4047137531540335,1.6051715512332976e-10,-0.018208214640454655,-0.009674180780051589,success,journal + subfield,2052933,0.19185203740782086
cit,first,5,ai_use_intro_discussion,english_first,first_cumulative_cits_top5,english_first:post_gpt:first_cumulative_cits_top5,-0.010002376170509086,0.0015457441434207052,-6.470913192900087,1.0406142614272085e-10,-0.013032508631679618,-0.006972243709338554,success,journal + subfield,2052933,0.19185203740782086
cit,first,5,ai_use_intro_discussion,english_first,first_cumulative_cits_top5,first_cumulative_cits_top5,-0.0009488593075853377,0.00044427600529997705,-2.1357428631435176,0.03273535309404019,-0.001819776497282386,-7.79421178882893e-05,success,journal + subfield,2052933,0.19185203740782086
cit,first,5,ai_use_intro_discussion,english_first,first_cumulative_cits_top5,log_paper_authors_count,-0.00574880721125951,0.0008064149841228714,-7.128844731862744,1.1146639167236572e-12,-0.0073296278347538425,-0.004167986587765177,success,journal + subfield,2052933,0.19185203740782086
cit,first,5,ai_use_intro_discussion,english_first,first_cumulative_cits_top5,log_paper_ref_count,0.03420511992199264,0.0013271985785282272,25.772420552110436,0.0,0.03160340377618984,0.036806836067795445,success,journal + subfield,2052933,0.19185203740782086
cit,first,5,ai_use_intro_discussion,english_first,first_cumulative_cits_top5,log_sentences_count,-0.0319910850687646,0.0015111504330255154,-21.170020118191925,0.0,-0.03495340325079523,-0.02902876688673397,success,journal + subfield,2052933,0.19185203740782086
cit,first,5,ai_use_intro_discussion,english_first,first_cumulative_cits_top5,post_gpt,0.07705690888021825,0.0016552203491969942,46.55386753648919,0.0,0.0738121694892654,0.0803016482711711,success,journal + subfield,2052933,0.19185203740782086
cit,first,5,ai_use_intro_discussion,english_first,first_cumulative_cits_top5,post_gpt:first_cumulative_cits_top5,-0.00639908528852292,0.0009942716500009408,-6.435952678040116,1.3089551664791088e-10,-0.008348162575804252,-0.004450008001241586,success,journal + subfield,2052933,0.19185203740782086
cit,first,10,ai_use_intro_discussion,english_first,first_cumulative_cits_top10,english_first,0.009671753564228308,0.0008242468919072368,11.734049177727195,0.0,0.008055976934041672,0.011287530194414945,success,journal + subfield,2052933,0.19189157382812305
cit,first,10,ai_use_intro_discussion,english_first,first_cumulative_cits_top10,english_first:first_cumulative_cits_top10,0.0016199562641662528,0.0006619541251493082,2.4472334299614205,0.014420428669392082,0.0003223232173530594,0.002917589310979446,success,journal + subfield,2052933,0.19189157382812305
cit,first,10,ai_use_intro_discussion,english_first,first_cumulative_cits_top10,english_first:post_gpt,-0.013543980588971674,0.002259280108362073,-5.9948213321768025,2.1394468419089208e-09,-0.01797286231843752,-0.00911509885950583,success,journal + subfield,2052933,0.19189157382812305
cit,first,10,ai_use_intro_discussion,english_first,first_cumulative_cits_top10,english_first:post_gpt:first_cumulative_cits_top10,-0.007784234891526294,0.0015558229446664628,-5.0032909710012525,5.774870066588278e-07,-0.010834124893396201,-0.0047343448896563865,success,journal + subfield,2052933,0.19189157382812305
cit,first,10,ai_use_intro_discussion,english_first,first_cumulative_cits_top10,first_cumulative_cits_top10,-6.390845746653209e-05,0.000356827518767051,-0.17910181840054124,0.8578629938279996,-0.0007633998010094711,0.0006355828860764069,success,journal + subfield,2052933,0.19189157382812305
cit,first,10,ai_use_intro_discussion,english_first,first_cumulative_cits_top10,log_paper_authors_count,-0.005712052793015402,0.0008081294369059087,-7.06823997760208,1.7224000004034679e-12,-0.00729623426963225,-0.004127871316398554,success,journal + subfield,2052933,0.19189157382812305
cit,first,10,ai_use_intro_discussion,english_first,first_cumulative_cits_top10,log_paper_ref_count,0.03420811625822267,0.0013280992645986686,25.757198403810456,0.0,0.03160463449156276,0.036811598024882576,success,journal + subfield,2052933,0.19189157382812305
cit,first,10,ai_use_intro_discussion,english_first,first_cumulative_cits_top10,log_sentences_count,-0.03199308536167691,0.0015110540119469742,-21.172694760562674,0.0,-0.034955214528829964,-0.02903095619452385,success,journal + subfield,2052933,0.19189157382812305
cit,first,10,ai_use_intro_discussion,english_first,first_cumulative_cits_top10,post_gpt,0.07763520822729447,0.0016557628926423674,46.887877830985495,0.0,0.07438940528483963,0.08088101116974931,success,journal + subfield,2052933,0.19189157382812305
cit,first,10,ai_use_intro_discussion,english_first,first_cumulative_cits_top10,post_gpt:first_cumulative_cits_top10,-0.006664597691908665,0.0007765342110261713,-8.58249076122681,0.0,-0.008186842838400179,-0.005142352545417152,success,journal + subfield,2052933,0.19189157382812305
cit,first,20,ai_use_intro_discussion,english_first,first_cumulative_cits_top20,english_first,0.00927226870332618,0.0008496826548588786,10.912625614166721,0.0,0.007606630178904029,0.01093790722774833,success,journal + subfield,2052933,0.19189659264848535
cit,first,20,ai_use_intro_discussion,english_first,first_cumulative_cits_top20,english_first:first_cumulative_cits_top20,0.0021207549466495538,0.0006284159783894813,3.3747629270736756,0.0007428516425862508,0.0008888669506049553,0.003352642942694152,success,journal + subfield,2052933,0.19189659264848535
cit,first,20,ai_use_intro_discussion,english_first,first_cumulative_cits_top20,english_first:post_gpt,-0.013325770309601465,0.0024429851662042834,-5.454707827925943,5.074911579860952e-08,-0.018114770278180953,-0.008536770341021977,success,journal + subfield,2052933,0.19189659264848535
cit,first,20,ai_use_intro_discussion,english_first,first_cumulative_cits_top20,english_first:post_gpt:first_cumulative_cits_top20,-0.00503321960272522,0.0015650989552263553,-3.2159114194778065,0.0013062838301611812,-0.008101293429406839,-0.001965145776043601,success,journal + subfield,2052933,0.19189659264848535
cit,first,20,ai_use_intro_discussion,english_first,first_cumulative_cits_top20,first_cumulative_cits_top20,2.916609293632277e-05,0.0002841875907086072,0.10262972026188268,0.9182598256125625,-0.0005279287195093764,0.000586260905382022,success,journal + subfield,2052933,0.19189659264848535
cit,first,20,ai_use_intro_discussion,english_first,first_cumulative_cits_top20,log_paper_authors_count,-0.005684258855400309,0.0008085765542852841,-7.029957553524083,2.263300658000844e-12,-0.007269316819171234,-0.004099200891629384,success,journal + subfield,2052933,0.19189659264848535
cit,first,20,ai_use_intro_discussion,english_first,first_cumulative_cits_top20,log_paper_ref_count,0.034205733115021585,0.0013285364213737134,25.746929150540474,0.0,0.03160139438704611,0.03681007184299706,success,journal + subfield,2052933,0.19189659264848535
cit,first,20,ai_use_intro_discussion,english_first,first_cumulative_cits_top20,log_sentences_count,-0.03198842150724126,0.0015088669152306113,-21.200293534405073,0.0,-0.03494626329424529,-0.029030579720237225,success,journal + subfield,2052933,0.19189659264848535
cit,first,20,ai_use_intro_discussion,english_first,first_cumulative_cits_top20,post_gpt,0.07866671984821187,0.0017034295350141164,46.181376001303136,0.0,0.07532747567165603,0.08200596402476772,success,journal + subfield,2052933,0.19189659264848535
cit,first,20,ai_use_intro_discussion,english_first,first_cumulative_cits_top20,post_gpt:first_cumulative_cits_top20,-0.006478002197403224,0.0006472258389657318,-10.00887450314883,0.0,-0.007746763287461982,-0.005209241107344466,success,journal + subfield,2052933,0.19189659264848535
cit,last,1,ai_use_intro_discussion,english_last,last_cumulative_cits_top1,english_last,0.009551778661089265,0.0008479513278243451,11.264536474749098,0.0,0.007889529854106417,0.011214027468072114,success,journal + subfield,2019216,0.19188931476487714
cit,last,1,ai_use_intro_discussion,english_last,last_cumulative_cits_top1,english_last:last_cumulative_cits_top1,0.0009204634612433081,0.0008753797313955012,1.0515019119484708,0.2930653541687769,-0.0007955535628736295,0.002636480485360246,success,journal + subfield,2019216,0.19188931476487714
cit,last,1,ai_use_intro_discussion,english_last,last_cumulative_cits_top1,english_last:post_gpt,-0.01427673351230069,0.0022672709268362376,-6.296880246342029,3.225475442292236e-10,-0.01872129096456656,-0.009832176060034819,success,journal + subfield,2019216,0.19188931476487714
cit,last,1,ai_use_intro_discussion,english_last,last_cumulative_cits_top1,english_last:post_gpt:last_cumulative_cits_top1,-0.0052389127112798415,0.002262137954440601,-2.3159121224219765,0.020592549971198082,-0.009673407938320104,-0.000804417484239579,success,journal + subfield,2019216,0.19188931476487714
cit,last,1,ai_use_intro_discussion,english_last,last_cumulative_cits_top1,last_cumulative_cits_top1,0.0007573287262178036,0.0006418062440899593,1.1799958837914517,0.23804297226484872,-0.0005008114860157887,0.002015468938451396,success,journal + subfield,2019216,0.19188931476487714
cit,last,1,ai_use_intro_discussion,english_last,last_cumulative_cits_top1,log_paper_authors_count,-0.005376819627197499,0.0008836648355615845,-6.084682122470604,1.2303844609817816e-09,-0.007109078036950493,-0.003644561217444506,success,journal + subfield,2019216,0.19188931476487714
cit,last,1,ai_use_intro_discussion,english_last,last_cumulative_cits_top1,log_paper_ref_count,0.034497906269975655,0.0013429413602261567,25.68831915651631,0.0,0.031865322770623816,0.03713048976932749,success,journal + subfield,2019216,0.19188931476487714
cit,last,1,ai_use_intro_discussion,english_last,last_cumulative_cits_top1,log_sentences_count,-0.03206797947317831,0.001536130393568707,-20.875818620240064,0.0,-0.03507927367166871,-0.029056685274687917,success,journal + subfield,2019216,0.19188931476487714
cit,last,1,ai_use_intro_discussion,english_last,last_cumulative_cits_top1,post_gpt,0.07790581571787605,0.001665162810280768,46.785704819302396,0.0,0.07464157777874425,0.08117005365700786,success,journal + subfield,2019216,0.19188931476487714
cit,last,1,ai_use_intro_discussion,english_last,last_cumulative_cits_top1,post_gpt:last_cumulative_cits_top1,-0.020078567520620618,0.0013853120777298444,-14.49389480060263,0.0,-0.02279421082813647,-0.017362924213104765,success,journal + subfield,2019216,0.19188931476487714
cit,last,5,ai_use_intro_discussion,english_last,last_cumulative_cits_top5,english_last,0.008841580143550859,0.0008821882334433825,10.022328351671785,0.0,0.0071122163340288334,0.010570943953072884,success,journal + subfield,2019216,0.19361728695330538
cit,last,5,ai_use_intro_discussion,english_last,last_cumulative_cits_top5,english_last:last_cumulative_cits_top5,0.0019535039813632278,0.0008105509797476138,2.410093911639589,0.015974694145595603,0.00036457150980118776,0.003542436452925268,success,journal + subfield,2019216,0.19361728695330538
cit,last,5,ai_use_intro_discussion,english_last,last_cumulative_cits_top5,english_last:post_gpt,-0.012272575258540903,0.0026145641282060922,-4.693927804693541,2.7323853408756094e-06,-0.01739793559501416,-0.007147214922067648,success,journal + subfield,2019216,0.19361728695330538
cit,last,5,ai_use_intro_discussion,english_last,last_cumulative_cits_top5,english_last:post_gpt:last_cumulative_cits_top5,-0.00448324115975927,0.002324778784864996,-1.928459253390692,0.05383944962177001,-0.009040531932044477,7.404961252593673e-05,success,journal + subfield,2019216,0.19361728695330538
cit,last,5,ai_use_intro_discussion,english_last,last_cumulative_cits_top5,last_cumulative_cits_top5,0.0006367875700042985,0.0005513430377969822,1.1549752628576386,0.24814098597759293,-0.0004440165713935221,0.0017175917114021192,success,journal + subfield,2019216,0.19361728695330538
cit,last,5,ai_use_intro_discussion,english_last,last_cumulative_cits_top5,log_paper_authors_count,-0.0051675632795879665,0.00086383277998297,-5.98213381030741,2.3136836890813584e-09,-0.006860944681140321,-0.003474181878035612,success,journal + subfield,2019216,0.19361728695330538
cit,last,5,ai_use_intro_discussion,english_last,last_cumulative_cits_top5,log_paper_ref_count,0.03474990412866171,0.0013280717804050133,26.16568218779881,0.0,0.032146469638819,0.03735333861850442,success,journal + subfield,2019216,0.19361728695330538
cit,last,5,ai_use_intro_discussion,english_last,last_cumulative_cits_top5,log_sentences_count,-0.03226786691376543,0.0015352647442625018,-21.01778669402456,0.0,-0.03527746416989688,-0.029258269657633975,success,journal + subfield,2019216,0.19361728695330538
cit,last,5,ai_use_intro_discussion,english_last,last_cumulative_cits_top5,post_gpt,0.08236178854983017,0.0018071297140236705,45.57602473728755,0.0,0.07881925124535252,0.08590432585430782,success,journal + subfield,2019216,0.19361728695330538
cit,last,5,ai_use_intro_discussion,english_last,last_cumulative_cits_top5,post_gpt:last_cumulative_cits_top5,-0.021566108200565457,0.0013880438855935367,-15.53705068290665,0.0,-0.02428710670267011,-0.018845109698460805,success,journal + subfield,2019216,0.19361728695330538
cit,last,10,ai_use_intro_discussion,english_last,last_cumulative_cits_top10,english_last,0.008270108762267294,0.0009230277291675114,8.95976198865249,0.0,0.00646068681636686,0.010079530708167729,success,journal + subfield,2019216,0.1942233653752038
cit,last,10,ai_use_intro_discussion,english_last,last_cumulative_cits_top10,english_last:last_cumulative_cits_top10,0.002388430819524136,0.000913198693704222,2.6154557994776657,0.008930451546352192,0.00059827684565998,0.004178584793388292,success,journal + subfield,2019216,0.1942233653752038
cit,last,10,ai_use_intro_discussion,english_last,last_cumulative_cits_top10,english_last:post_gpt,-0.011273920595407598,0.0030880073918931866,-3.6508722825614144,0.00026330582249833867,-0.017327377244032584,-0.005220463946782611,success,journal + subfield,2019216,0.1942233653752038
cit,last,10,ai_use_intro_discussion,english_last,last_cumulative_cits_top10,english_last:post_gpt:last_cumulative_cits_top10,-0.004741213073967827,0.002663638406183688,-1.7799762396281,0.07512432282755621,-0.00996277428582753,0.00048034813789187697,success,journal + subfield,2019216,0.1942233653752038
cit,last,10,ai_use_intro_discussion,english_last,last_cumulative_cits_top10,last_cumulative_cits_top10,0.0005874755123516222,0.0005345429226329572,1.0990240212290887,0.2717963491396087,-0.00046039516874933596,0.0016353461934525805,success,journal + subfield,2019216,0.1942233653752038
cit,last,10,ai_use_intro_discussion,english_last,last_cumulative_cits_top10,log_paper_authors_count,-0.005080737957372619,0.0008583725506992708,-5.919035916553494,3.395304037923097e-09,-0.006763415608232149,-0.0033980603065130893,success,journal + subfield,2019216,0.1942233653752038
cit,last,10,ai_use_intro_discussion,english_last,last_cumulative_cits_top10,log_paper_ref_count,0.034871559839430584,0.0013212221859380377,26.393410745424752,0.0,0.03228155268893795,0.037461566989923215,success,journal + subfield,2019216,0.1942233653752038
cit,last,10,ai_use_intro_discussion,english_last,last_cumulative_cits_top10,log_sentences_count,-0.032247970433735736,0.0015353445725842458,-21.003734933231907,0.0,-0.035257724178250696,-0.029238216689220775,success,journal + subfield,2019216,0.1942233653752038
cit,last,10,ai_use_intro_discussion,english_last,last_cumulative_cits_top10,post_gpt,0.08633224677067115,0.0019821500054118648,43.55485030646429,0.0,0.08244661516229722,0.09021787837904509,success,journal + subfield,2019216,0.1942233653752038
cit,last,10,ai_use_intro_discussion,english_last,last_cumulative_cits_top10,post_gpt:last_cumulative_cits_top10,-0.022121509959470192,0.0014329742200018395,-15.437479370314,0.0,-0.024930585916396655,-0.01931243400254373,success,journal + subfield,2019216,0.1942233653752038
cit,last,20,ai_use_intro_discussion,english_last,last_cumulative_cits_top20,english_last,0.007761245965926485,0.0010864727440387926,7.143525696811561,1.0038636588660665e-12,0.005631420864724474,0.009891071067128495,success,journal + subfield,2019216,0.1944249489209393
cit,last,20,ai_use_intro_discussion,english_last,last_cumulative_cits_top20,english_last:last_cumulative_cits_top20,0.002656260288337338,0.0010679535803329288,2.487243207246202,0.012897435059882056,0.0005627385181948773,0.004749782058479798,success,journal + subfield,2019216,0.1944249489209393
cit,last,20,ai_use_intro_discussion,english_last,last_cumulative_cits_top20,english_last:post_gpt,-0.010550722844101162,0.0038188389516072554,-2.762809057360385,0.005745973952761663,-0.018036837062066945,-0.0030646086261353804,success,journal + subfield,2019216,0.1944249489209393
cit,last,20,ai_use_intro_discussion,english_last,last_cumulative_cits_top20,english_last:post_gpt:last_cumulative_cits_top20,-0.0053467890590362995,0.0031248075658769094,-1.7110778652175465,0.0871121724363797,-0.011472385514857717,0.0007788073967851172,success,journal + subfield,2019216,0.1944249489209393
cit,last,20,ai_use_intro_discussion,english_last,last_cumulative_cits_top20,last_cumulative_cits_top20,8.990122078460114e-05,0.0005813565553191369,0.1546404181083839,0.8771093761390263,-0.0010497387665603767,0.0012295412081295791,success,journal + subfield,2019216,0.1944249489209393
cit,last,20,ai_use_intro_discussion,english_last,last_cumulative_cits_top20,log_paper_authors_count,-0.005082836904259669,0.0008575933519022219,-5.926861364987804,3.2382481141013386e-09,-0.00676398708269443,-0.0034016867258249077,success,journal + subfield,2019216,0.1944249489209393
cit,last,20,ai_use_intro_discussion,english_last,last_cumulative_cits_top20,log_paper_ref_count,0.03493450346880675,0.0013156837632115497,26.55235585147949,0.0,0.0323553533525183,0.037513653585095195,success,journal + subfield,2019216,0.1944249489209393
cit,last,20,ai_use_intro_discussion,english_last,last_cumulative_cits_top20,log_sentences_count,-0.03216285848706882,0.0015361772676000642,-20.936944690840363,0.0,-0.03517424457326567,-0.029151472400871965,success,journal + subfield,2019216,0.1944249489209393
cit,last,20,ai_use_intro_discussion,english_last,last_cumulative_cits_top20,post_gpt,0.09205825655138326,0.0022748220373928736,40.468333363294356,0.0,0.08759889656965339,0.09651761653311314,success,journal + subfield,2019216,0.1944249489209393
cit,last,20,ai_use_intro_discussion,english_last,last_cumulative_cits_top20,post_gpt:last_cumulative_cits_top20,-0.023685723285220492,0.0015645887130871356,-15.138625945016248,0.0,-0.026752804657002565,-0.02061864191343842,success,journal + subfield,2019216,0.1944249489209393
ins,first,100,ai_use_intro_discussion,english_first,first_top100_ins,english_first,0.008677433387995148,0.0007994534583514222,10.854207080283514,0.0,0.0071102570950747545,0.010244609680915541,success,journal + subfield,1999465,0.19304188577217385
ins,first,100,ai_use_intro_discussion,english_first,first_top100_ins,english_first:first_top100_ins,0.0035846620564295513,0.0008149856186876863,4.398435965289399,1.1068005409731185e-05,0.0019870379204201716,0.005182286192438931,success,journal + subfield,1999465,0.19304188577217385
ins,first,100,ai_use_intro_discussion,english_first,first_top100_ins,english_first:post_gpt,-0.01165362190225605,0.002328112534361452,-5.005609363918644,5.707251407027769e-07,-0.016217443264197367,-0.007089800540314735,success,journal + subfield,1999465,0.19304188577217385
ins,first,100,ai_use_intro_discussion,english_first,first_top100_ins,english_first:post_gpt:first_top100_ins,-0.009196169940784059,0.002053200430109991,-4.478944094265271,7.622762555392626e-06,-0.013221078464311753,-0.005171261417256364,success,journal + subfield,1999465,0.19304188577217385
ins,first,100,ai_use_intro_discussion,english_first,first_top100_ins,first_top100_ins,0.005246307023013825,0.0007789860408281137,6.734789518739839,1.7746026870213427e-11,0.003719253205247867,0.006773360840779783,success,journal + subfield,1999465,0.19304188577217385
ins,first,100,ai_use_intro_discussion,english_first,first_top100_ins,log_paper_authors_count,-0.005777167630593197,0.0007900585072513185,-7.312328868772593,2.922107000813412e-13,-0.007325926910636329,-0.004228408350550065,success,journal + subfield,1999465,0.19304188577217385
ins,first,100,ai_use_intro_discussion,english_first,first_top100_ins,log_paper_ref_count,0.03437478166898758,0.0013273120634884393,25.898040569784197,0.0,0.03177283908249126,0.0369767242554839,success,journal + subfield,1999465,0.19304188577217385
ins,first,100,ai_use_intro_discussion,english_first,first_top100_ins,log_sentences_count,-0.03203514294202524,0.0015238265793657093,-21.022827253321584,0.0,-0.035022314821459594,-0.02904797106259088,success,journal + subfield,1999465,0.19304188577217385
ins,first,100,ai_use_intro_discussion,english_first,first_top100_ins,post_gpt,0.07879094312051044,0.0017288159562885833,45.57509018464787,0.0,0.0754019285966318,0.08217995764438907,success,journal + subfield,1999465,0.19304188577217385
ins,first,100,ai_use_intro_discussion,english_first,first_top100_ins,post_gpt:first_top100_ins,-0.0199246892281877,0.0015780055836734771,-12.626501093744254,0.0,-0.023018068730139896,-0.016831309726235505,success,journal + subfield,1999465,0.19304188577217385
ins,first,200,ai_use_intro_discussion,english_first,first_top200_ins,english_first,0.008510953956327255,0.0008049564622777235,10.573185451849733,0.0,0.006932990071955408,0.010088917840699103,success,journal + subfield,1999465,0.19343411134893984
ins,first,200,ai_use_intro_discussion,english_first,first_top200_ins,english_first:first_top200_ins,0.0035487001215654583,0.0007653038467618101,4.636981947210753,3.6007625294764978e-06,0.002048467640241104,0.005048932602889813,success,journal + subfield,1999465,0.19343411134893984
ins,first,200,ai_use_intro_discussion,english_first,first_top200_ins,english_first:post_gpt,-0.01105771578012957,0.002467129105458577,-4.482017481640557,7.5140938673445845e-06,-0.015894052661605644,-0.006221378898653497,success,journal + subfield,1999465,0.19343411134893984
ins,first,200,ai_use_intro_discussion,english_first,first_top200_ins,english_first:post_gpt:first_top200_ins,-0.009271455277287366,0.0020652767295102088,-4.4892072548002515,7.265635530107062e-06,-0.013320037086518594,-0.005222873468056138,success,journal + subfield,1999465,0.19343411134893984
ins,first,200,ai_use_intro_discussion,english_first,first_top200_ins,first_top200_ins,0.0033192230511383826,0.0006466849857881569,5.132673750099564,2.935009619786655e-07,0.0020515202622797698,0.004586925839996996,success,journal + subfield,1999465,0.19343411134893984
ins,first,200,ai_use_intro_discussion,english_first,first_top200_ins,log_paper_authors_count,-0.005758946779248883,0.0007864560430607401,-7.322655639895826,2.708944180085382e-13,-0.0073006441141386215,-0.004217249444359145,success,journal + subfield,1999465,0.19343411134893984
ins,first,200,ai_use_intro_discussion,english_first,first_top200_ins,log_paper_ref_count,0.034429610022494665,0.0013213045100758916,26.05728638625258,0.0,0.03183944410065374,0.037019775944335594,success,journal + subfield,1999465,0.19343411134893984
ins,first,200,ai_use_intro_discussion,english_first,first_top200_ins,log_sentences_count,-0.03205031250566817,0.0015262101423977447,-20.999934160649524,0.0,-0.03504215690660765,-0.029058468104728695,success,journal + subfield,1999465,0.19343411134893984
ins,first,200,ai_use_intro_discussion,english_first,first_top200_ins,post_gpt,0.0803750459692408,0.0018184005563516657,44.20095764296326,0.0,0.07681041789342492,0.08393967404505669,success,journal + subfield,1999465,0.19343411134893984
ins,first,200,ai_use_intro_discussion,english_first,first_top200_ins,post_gpt:first_top200_ins,-0.018088283224907166,0.0014852229352542946,-12.178833759936621,0.0,-0.02099978001001333,-0.015176786439801002,success,journal + subfield,1999465,0.19343411134893984
ins,first,300,ai_use_intro_discussion,english_first,first_top300_ins,english_first,0.008185411411804467,0.0007877784896795188,10.390498749381221,0.0,0.006641121672106228,0.009729701151502707,success,journal + subfield,1999465,0.19365921958744914
ins,first,300,ai_use_intro_discussion,english_first,first_top300_ins,english_first:first_top300_ins,0.003670307510453128,0.0007013399183968755,5.233279062230944,1.7146419373226252e-07,0.0022954641322571754,0.0050451508886490805,success,journal + subfield,1999465,0.19365921958744914
ins,first,300,ai_use_intro_discussion,english_first,first_top300_ins,english_first:post_gpt,-0.01055994242801613,0.0025505790603139182,-4.140213723355998,3.5113780081585944e-05,-0.015559867057507271,-0.005560017798524989,success,journal + subfield,1999465,0.19365921958744914
ins,first,300,ai_use_intro_discussion,english_first,first_top300_ins,english_first:post_gpt:first_top300_ins,-0.008291004851156154,0.0019906122727030317,-4.16505261463996,3.1509473848556624e-05,-0.01219322120857824,-0.004388788493734067,success,journal + subfield,1999465,0.19365921958744914
ins,first,300,ai_use_intro_discussion,english_first,first_top300_ins,first_top300_ins,0.0031501918641690806,0.0005985179939927756,5.263320227273075,1.4576470896976446e-07,0.0019769112919566685,0.004323472436381493,success,journal + subfield,1999465,0.19365921958744914
ins,first,300,ai_use_intro_discussion,english_first,first_top300_ins,log_paper_authors_count,-0.005735407363664937,0.0007838962832200953,-7.316538535053369,2.8332891588433995e-13,-0.007272086776753323,-0.004198727950576552,success,journal + subfield,1999465,0.19365921958744914
ins,first,300,ai_use_intro_discussion,english_first,first_top300_ins,log_paper_ref_count,0.03448408939966895,0.001316446193536947,26.194833916469623,0.0,0.031903447282402006,0.0370647315169359,success,journal + subfield,1999465,0.19365921958744914
ins,first,300,ai_use_intro_discussion,english_first,first_top300_ins,log_sentences_count,-0.03201452584497874,0.0015310452336874808,-20.910241670569476,0.0,-0.03501584852181311,-0.029013203168144375,success,journal + subfield,1999465,0.19365921958744914
ins,first,300,ai_use_intro_discussion,english_first,first_top300_ins,post_gpt,0.08161111568719356,0.0019296218754329532,42.293838355704956,0.0,0.07782845939133474,0.08539377198305238,success,journal + subfield,1999465,0.19365921958744914
ins,first,300,ai_use_intro_discussion,english_first,first_top300_ins,post_gpt:first_top300_ins,-0.018499992388460687,0.001684392142498441,-10.983186113074503,0.0,-0.0218019224834889,-0.015198062293432473,success,journal + subfield,1999465,0.19365921958744914
ins,last,100,ai_use_intro_discussion,english_last,last_top100_ins,english_last,0.008304180556139894,0.0008137361946732865,10.205003305123974,0.0,0.006709001519961172,0.009899359592318616,success,journal + subfield,1949124,0.1924620740950872
ins,last,100,ai_use_intro_discussion,english_last,last_top100_ins,english_last:last_top100_ins,0.0032879191094646212,0.0007889575172322369,4.1674222472701175,3.1190246835288704e-05,0.0017413140792806388,0.004834524139648603,success,journal + subfield,1949124,0.1924620740950872
ins,last,100,ai_use_intro_discussion,english_last,last_top100_ins,english_last:post_gpt,-0.011938622749743468,0.0024210605548833156,-4.931154128162175,8.369439103983467e-07,-0.016684663380294118,-0.00719258211919282,success,journal + subfield,1949124,0.1924620740950872
ins,last,100,ai_use_intro_discussion,english_last,last_top100_ins,english_last:post_gpt:last_top100_ins,-0.008104421840208828,0.0022782172339636825,-3.557352529595526,0.0003771759717832168,-0.01257044460688575,-0.003638399073531906,success,journal + subfield,1949124,0.1924620740950872
ins,last,100,ai_use_intro_discussion,english_last,last_top100_ins,last_top100_ins,0.004939669397260035,0.000704923014361953,7.007388461747241,2.6627589022609754e-12,0.0035577984395824356,0.006321540354937634,success,journal + subfield,1949124,0.1924620740950872
ins,last,100,ai_use_intro_discussion,english_last,last_top100_ins,log_paper_authors_count,-0.005559912707996705,0.0009048244074689965,-6.14474218655205,8.464253742346273e-10,-0.007333653308040779,-0.00378617210795263,success,journal + subfield,1949124,0.1924620740950872
ins,last,100,ai_use_intro_discussion,english_last,last_top100_ins,log_paper_ref_count,0.03467166024006433,0.0013446281959819922,25.785313995102825,0.0,0.03203576580188407,0.03730755467824459,success,journal + subfield,1949124,0.1924620740950872
ins,last,100,ai_use_intro_discussion,english_last,last_top100_ins,log_sentences_count,-0.03213699517666118,0.001553954751276257,-20.6807792506617,0.0,-0.035183235541330536,-0.029090754811991824,success,journal + subfield,1949124,0.1924620740950872
ins,last,100,ai_use_intro_discussion,english_last,last_top100_ins,post_gpt,0.07889423692867431,0.0016912993141391715,46.64711696452705,0.0,0.07557875799646156,0.08220971586088706,success,journal + subfield,1949124,0.1924620740950872
ins,last,100,ai_use_intro_discussion,english_last,last_top100_ins,post_gpt:last_top100_ins,-0.019248654988493954,0.0014653887653586087,-13.135527884153962,0.0,-0.02212127814776045,-0.016376031829227457,success,journal + subfield,1949124,0.1924620740950872
ins,last,200,ai_use_intro_discussion,english_last,last_top200_ins,english_last,0.00824359996899827,0.0008082379121284786,10.199472018441837,0.0,0.0066591992969968795,0.00982800064099966,success,journal + subfield,1949124,0.19282331135362885
ins,last,200,ai_use_intro_discussion,english_last,last_top200_ins,english_last:last_top200_ins,0.003152306101765594,0.0007760837191129289,4.061811920714829,4.92434987615642e-05,0.0016309377674670173,0.00467367443606417,success,journal + subfield,1949124,0.19282331135362885
ins,last,200,ai_use_intro_discussion,english_last,last_top200_ins,english_last:post_gpt,-0.011649782393849258,0.0026008826333181107,-4.479164974463647,7.616707670576872e-06,-0.016748330890756325,-0.006551233896942192,success,journal + subfield,1949124,0.19282331135362885
ins,last,200,ai_use_intro_discussion,english_last,last_top200_ins,english_last:post_gpt:last_top200_ins,-0.00777283304448831,0.002317638508588059,-3.3537728233656416,0.0008015581129909854,-0.012316133915877655,-0.003229532173098966,success,journal + subfield,1949124,0.19282331135362885
ins,last,200,ai_use_intro_discussion,english_last,last_top200_ins,last_top200_ins,0.0031692224216284984,0.0005968877659237552,5.309578454374496,1.1337719918458333e-07,0.001999134551154198,0.004339310292102799,success,journal + subfield,1949124,0.19282331135362885
ins,last,200,ai_use_intro_discussion,english_last,last_top200_ins,log_paper_authors_count,-0.005534335092445465,0.0009015027417800965,-6.139010827096802,8.773555215668694e-10,-0.0073015641823627785,-0.0037671060025281514,success,journal + subfield,1949124,0.19282331135362885
ins,last,200,ai_use_intro_discussion,english_last,last_top200_ins,log_paper_ref_count,0.034728172743841594,0.0013382620565810745,25.950203529317275,0.0,0.03210475794240382,0.03735158754527937,success,journal + subfield,1949124,0.19282331135362885
ins,last,200,ai_use_intro_discussion,english_last,last_top200_ins,log_sentences_count,-0.03215862630061622,0.0015575630900241234,-20.64675678730815,0.0,-0.0352119401448281,-0.02910531245640435,success,journal + subfield,1949124,0.19282331135362885
ins,last,200,ai_use_intro_discussion,english_last,last_top200_ins,post_gpt,0.08056701656444482,0.0017846387959578058,45.14471877834805,0.0,0.07706856287257466,0.08406547025631497,success,journal + subfield,1949124,0.19282331135362885
ins,last,200,ai_use_intro_discussion,english_last,last_top200_ins,post_gpt:last_top200_ins,-0.01779890261219731,0.0013859529119608018,-12.842357383567954,0.0,-0.02051580649918537,-0.015081998725209248,success,journal + subfield,1949124,0.19282331135362885
ins,last,300,ai_use_intro_discussion,english_last,last_top300_ins,english_last,0.0078076652113429155,0.0007920734833449845,9.857248570385885,0.0,0.006254951906938079,0.00936037851574775,success,journal + subfield,1949124,0.19307149616353025
ins,last,300,ai_use_intro_discussion,english_last,last_top300_ins,english_last:last_top300_ins,0.00364770033873681,0.000737866547855647,4.94357733026058,7.854884183089439e-07,0.002201249687602302,0.005094150989871318,success,journal + subfield,1949124,0.19307149616353025
ins,last,300,ai_use_intro_discussion,english_last,last_top300_ins,english_last:post_gpt,-0.011390439907812208,0.0027090438330520145,-4.2045978617406545,2.6491854228982703e-05,-0.016701018396100862,-0.006079861419523554,success,journal + subfield,1949124,0.19307149616353025
ins,last,300,ai_use_intro_discussion,english_last,last_top300_ins,english_last:post_gpt:last_top300_ins,-0.00639692208923327,0.002246187558731826,-2.847902021523485,0.0044141155772339236,-0.010800156612250976,-0.001993687566215565,success,journal + subfield,1949124,0.19307149616353025
ins,last,300,ai_use_intro_discussion,english_last,last_top300_ins,last_top300_ins,0.0029418675873470004,0.000555483474863975,5.296048794372138,1.220650192035322e-07,0.0018529451578826346,0.004030790016811366,success,journal + subfield,1949124,0.19307149616353025
ins,last,300,ai_use_intro_discussion,english_last,last_top300_ins,log_paper_authors_count,-0.005523227439578741,0.0008988779820629222,-6.144579742517389,8.472871293463413e-10,-0.007285311174400323,-0.0037611437047571587,success,journal + subfield,1949124,0.19307149616353025
ins,last,300,ai_use_intro_discussion,english_last,last_top300_ins,log_paper_ref_count,0.03477907660641165,0.001332901179227659,26.09276452629756,0.0,0.03216617081173266,0.03739198240109064,success,journal + subfield,1949124,0.19307149616353025
ins,last,300,ai_use_intro_discussion,english_last,last_top300_ins,log_sentences_count,-0.03212411580820151,0.0015616261880188032,-20.57093820189874,0.0,-0.035185394603199006,-0.029062837013204012,success,journal + subfield,1949124,0.19307149616353025
ins,last,300,ai_use_intro_discussion,english_last,last_top300_ins,post_gpt,0.08199001558940433,0.0018768760140219327,43.68430038897935,0.0,0.07831074792173405,0.08566928325707461,success,journal + subfield,1949124,0.19307149616353025
ins,last,300,ai_use_intro_discussion,english_last,last_top300_ins,post_gpt:last_top300_ins,-0.018719974650804026,0.0015315216207942538,-12.223121369384106,0.0,-0.021722239019696124,-0.015717710281911927,success,journal + subfield,1949124,0.19307149616353025
pub,first,1,ai_use_intro_discussion,english_first,first_cumulative_pubs_top1,english_first,0.010037344234331917,0.0008127086778091481,12.350482415654763,0.0,0.008444186041505283,0.01163050242715855,success,journal + subfield,2052933,0.1916526041585287
pub,first,1,ai_use_intro_discussion,english_first,first_cumulative_pubs_top1,english_first:first_cumulative_pubs_top1,-0.0037888979896897475,0.0015199759509441726,-2.4927354852793395,0.012699506279308048,-0.00676851689282988,-0.0008092790865496151,success,journal + subfield,2052933,0.1916526041585287
pub,first,1,ai_use_intro_discussion,english_first,first_cumulative_pubs_top1,english_first:post_gpt,-0.014614950204659602,0.0021595971209929306,-6.767442900618427,1.4180434604327274e-11,-0.018848422715116372,-0.01038147769420283,success,journal + subfield,2052933,0.1916526041585287
pub,first,1,ai_use_intro_discussion,english_first,first_cumulative_pubs_top1,english_first:post_gpt:first_cumulative_pubs_top1,-0.016525361019111416,0.003015902179199434,-5.479408826017708,4.417660326438977e-08,-0.022437453995044435,-0.010613268043178397,success,journal + subfield,2052933,0.1916526041585287
pub,first,1,ai_use_intro_discussion,english_first,first_cumulative_pubs_top1,first_cumulative_pubs_top1,-0.000905619077485769,0.000979677865244768,-0.9244049596440604,0.3553077228545356,-0.002826088072049813,0.0010148499170782753,success,journal + subfield,2052933,0.1916526041585287
pub,first,1,ai_use_intro_discussion,english_first,first_cumulative_pubs_top1,log_paper_authors_count,-0.005699539231482695,0.0008084511912573874,-7.04994846085659,1.9628743075372768e-12,-0.0072843514452814295,-0.0041147270176839605,success,journal + subfield,2052933,0.1916526041585287
pub,first,1,ai_use_intro_discussion,english_first,first_cumulative_pubs_top1,log_paper_ref_count,0.03417635368051634,0.001326866237183136,25.757195957499718,0.0,0.031575289025648975,0.0367774183353837,success,journal + subfield,2052933,0.1916526041585287
pub,first,1,ai_use_intro_discussion,english_first,first_cumulative_pubs_top1,log_sentences_count,-0.03190342349553148,0.0015084312329043262,-21.150068229563757,0.0,-0.03486041121159159,-0.028946435779471365,success,journal + subfield,2052933,0.1916526041585287
pub,first,1,ai_use_intro_discussion,english_first,first_cumulative_pubs_top1,post_gpt,0.07657302843741697,0.0016516096872560082,46.362666087673375,0.0,0.07333536705093223,0.0798106898239017,success,journal + subfield,2052933,0.1916526041585287
pub,first,1,ai_use_intro_discussion,english_first,first_cumulative_pubs_top1,post_gpt:first_cumulative_pubs_top1,-0.0018554908364485719,0.0018916329307641449,-0.9808937063170216,0.32667942802306715,-0.005563671373651186,0.0018526897007540418,success,journal + subfield,2052933,0.1916526041585287
pub,first,5,ai_use_intro_discussion,english_first,first_cumulative_pubs_top5,english_first,0.010001778074693494,0.0008282352395603616,12.07601125496975,0.0,0.008378183060240867,0.01162537308914612,success,journal + subfield,2052933,0.1916880128557955
pub,first,5,ai_use_intro_discussion,english_first,first_cumulative_pubs_top5,english_first:first_cumulative_pubs_top5,-0.0005276894188755805,0.0008421783517155563,-0.626576802645963,0.5309573318336298,-0.0021786172082450834,0.0011232383704939221,success,journal + subfield,2052933,0.1916880128557955
pub,first,5,ai_use_intro_discussion,english_first,first_cumulative_pubs_top5,english_first:post_gpt,-0.014148694695218345,0.0021663868975522766,-6.53101009390541,6.995604096005081e-11,-0.01839547724954243,-0.009901912140894262,success,journal + subfield,2052933,0.1916880128557955
pub,first,5,ai_use_intro_discussion,english_first,first_cumulative_pubs_top5,english_first:post_gpt:first_cumulative_pubs_top5,-0.010347224876805188,0.0016058820099340895,-6.4433282226194635,1.2472312072020486e-10,-0.013495245995191966,-0.007199203758418408,success,journal + subfield,2052933,0.1916880128557955
pub,first,5,ai_use_intro_discussion,english_first,first_cumulative_pubs_top5,first_cumulative_pubs_top5,-0.00042421327494815,0.0004085191112851134,-1.0384172079824274,0.29911211715380537,-0.0012250359889674188,0.0003766094390711188,success,journal + subfield,2052933,0.1916880128557955
pub,first,5,ai_use_intro_discussion,english_first,first_cumulative_pubs_top5,log_paper_authors_count,-0.005674514582822732,0.0008090054392007542,-7.014185947165931,2.531974629960132e-12,-0.007260413292528231,-0.004088615873117233,success,journal + subfield,2052933,0.1916880128557955
pub,first,5,ai_use_intro_discussion,english_first,first_cumulative_pubs_top5,log_paper_ref_count,0.03416914014740535,0.0013276105130263715,25.737322665150227,0.0,0.0315666164836831,0.036771663811127606,success,journal + subfield,2052933,0.1916880128557955
pub,first,5,ai_use_intro_discussion,english_first,first_cumulative_pubs_top5,log_sentences_count,-0.031936718851788067,0.0015098721011904466,-21.15193652933107,0.0,-0.03489653111147309,-0.02897690659210304,success,journal + subfield,2052933,0.1916880128557955
pub,first,5,ai_use_intro_discussion,english_first,first_cumulative_pubs_top5,post_gpt,0.07673794764632606,0.001655111625341017,46.36421282492961,0.0,0.07349342138746671,0.07998247390518541,success,journal + subfield,2052933,0.1916880128557955
pub,first,5,ai_use_intro_discussion,english_first,first_cumulative_pubs_top5,post_gpt:first_cumulative_pubs_top5,-0.0021325356815756363,0.0011577772537232352,-1.8419222477533796,0.06552925651407504,-0.004402134084548084,0.00013706272139681107,success,journal + subfield,2052933,0.1916880128557955
pub,first,10,ai_use_intro_discussion,english_first,first_cumulative_pubs_top10,english_first,0.009860514992593541,0.0008266311000983288,11.928555544813909,0.0,0.008240064583331132,0.01148096540185595,success,journal + subfield,2052933,0.19167173663630288
pub,first,10,ai_use_intro_discussion,english_first,first_cumulative_pubs_top10,english_first:first_cumulative_pubs_top10,0.0006613017997877575,0.0006327176847573337,1.045176728450994,0.2959777779791082,-0.000579018859682502,0.001901622459258017,success,journal + subfield,2052933,0.19167173663630288
pub,first,10,ai_use_intro_discussion,english_first,first_cumulative_pubs_top10,english_first:post_gpt,-0.0140638294686207,0.002232964900375511,-6.298276101991404,3.193991737759916e-10,-0.018441125321936255,-0.009686533615305144,success,journal + subfield,2052933,0.19167173663630288
pub,first,10,ai_use_intro_discussion,english_first,first_cumulative_pubs_top10,english_first:post_gpt:first_cumulative_pubs_top10,-0.00634217759458843,0.00144754229717395,-4.381341814308515,1.1968983158805457e-05,-0.009179804327481923,-0.0035045508616949367,success,journal + subfield,2052933,0.19167173663630288
pub,first,10,ai_use_intro_discussion,english_first,first_cumulative_pubs_top10,first_cumulative_pubs_top10,-0.0004005452123849355,0.0003191069388683483,-1.2552068400812357,0.2094460379251406,-0.001026092653832735,0.00022500222906286408,success,journal + subfield,2052933,0.19167173663630288
pub,first,10,ai_use_intro_discussion,english_first,first_cumulative_pubs_top10,log_paper_authors_count,-0.005642901807281748,0.0008112191630082326,-6.956075576859223,3.8189451601056135e-12,-0.00723314009439898,-0.004052663520164516,success,journal + subfield,2052933,0.19167173663630288
pub,first,10,ai_use_intro_discussion,english_first,first_cumulative_pubs_top10,log_paper_ref_count,0.034164009705796174,0.0013286481893560976,25.713360375972112,0.0,0.03155945187830608,0.036768567533286264,success,journal + subfield,2052933,0.19167173663630288
pub,first,10,ai_use_intro_discussion,english_first,first_cumulative_pubs_top10,log_sentences_count,-0.031947023870340555,0.0015097442322729677,-21.16055368017091,0.0,-0.034906585467741474,-0.02898746227293963,success,journal + subfield,2052933,0.19167173663630288
pub,first,10,ai_use_intro_discussion,english_first,first_cumulative_pubs_top10,post_gpt,0.07705334303396273,0.0016655435847340175,46.263180225492526,0.0,0.07378836693615372,0.08031831913177175,success,journal + subfield,2052933,0.19167173663630288
pub,first,10,ai_use_intro_discussion,english_first,first_cumulative_pubs_top10,post_gpt:first_cumulative_pubs_top10,-0.0028757039711241315,0.0009409071265756186,-3.0563101180773313,0.0022493303567054923,-0.0047201704304141515,-0.0010312375118341117,success,journal + subfield,2052933,0.19167173663630288
pub,first,20,ai_use_intro_discussion,english_first,first_cumulative_pubs_top20,english_first,0.009546440974186929,0.0008381443870743607,11.389971849015033,0.0,0.007903420992366643,0.011189460956007214,success,journal + subfield,2052933,0.19168572040526588
pub,first,20,ai_use_intro_discussion,english_first,first_cumulative_pubs_top20,english_first:first_cumulative_pubs_top20,0.0014796244024058685,0.0005933890454921672,2.49351485951117,0.012671685789876763,0.0003163999344355322,0.002642848870376205,success,journal + subfield,2052933,0.19168572040526588
pub,first,20,ai_use_intro_discussion,english_first,first_cumulative_pubs_top20,english_first:post_gpt,-0.014125464531903414,0.0023423084698521376,-6.030573988743297,1.7178429789765914e-09,-0.018717107307186384,-0.009533821756620446,success,journal + subfield,2052933,0.19168572040526588
pub,first,20,ai_use_intro_discussion,english_first,first_cumulative_pubs_top20,english_first:post_gpt:first_cumulative_pubs_top20,-0.0034441076166624577,0.0013273162719203164,-2.594790472718035,0.009484815166611149,-0.006046054477599682,-0.000842160755725233,success,journal + subfield,2052933,0.19168572040526588
pub,first,20,ai_use_intro_discussion,english_first,first_cumulative_pubs_top20,first_cumulative_pubs_top20,-0.00019750167242566652,0.00025517428334150314,-0.7739873698845561,0.43896468200035077,-0.0006977215066719157,0.0003027181618205827,success,journal + subfield,2052933,0.19168572040526588
pub,first,20,ai_use_intro_discussion,english_first,first_cumulative_pubs_top20,log_paper_authors_count,-0.005615131333828197,0.0008132072828850143,-6.904920125539706,5.469180663908446e-12,-0.007209266945480654,-0.00402099572217574,success,journal + subfield,2052933,0.19168572040526588
pub,first,20,ai_use_intro_discussion,english_first,first_cumulative_pubs_top20,log_paper_ref_count,0.03416916155373189,0.001328611065199863,25.717956480056728,0.0,0.03156467650097065,0.036773646606493134,success,journal + subfield,2052933,0.19168572040526588
pub,first,20,ai_use_intro_discussion,english_first,first_cumulative_pubs_top20,log_sentences_count,-0.031948808395012934,0.0015100940816504874,-21.156833063072366,0.0,-0.03490905580446099,-0.02898856098556488,success,journal + subfield,2052933,0.19168572040526588
pub,first,20,ai_use_intro_discussion,english_first,first_cumulative_pubs_top20,post_gpt,0.07786874662574327,0.0016800233325328106,46.349800694939155,0.0,0.07457538578261826,0.08116210746886827,success,journal + subfield,2052933,0.19168572040526588
pub,first,20,ai_use_intro_discussion,english_first,first_cumulative_pubs_top20,post_gpt:first_cumulative_pubs_top20,-0.004026791705864549,0.0007498811796048244,-5.369906347011677,8.133795481590766e-08,-0.00549678873869367,-0.002556794673035428,success,journal + subfield,2052933,0.19168572040526588
pub,last,1,ai_use_intro_discussion,english_last,last_cumulative_pubs_top1,english_last,0.009776679050430228,0.0008640705349566147,11.314677048814213,0.0,0.008082831575049899,0.011470526525810557,success,journal + subfield,2019216,0.19158894108177416
pub,last,1,ai_use_intro_discussion,english_last,last_cumulative_pubs_top1,english_last:last_cumulative_pubs_top1,-0.0002073349873325965,0.0008143831818375142,-0.2545914404381253,0.7990463401206398,-0.00180377976902734,0.001389109794362147,success,journal + subfield,2019216,0.19158894108177416
pub,last,1,ai_use_intro_discussion,english_last,last_cumulative_pubs_top1,english_last:post_gpt,-0.01555218440354318,0.0023068082293306053,-6.741862720012988,1.6915802092398735e-11,-0.02007424728772011,-0.011030121519366248,success,journal + subfield,2019216,0.19158894108177416
pub,last,1,ai_use_intro_discussion,english_last,last_cumulative_pubs_top1,english_last:post_gpt:last_cumulative_pubs_top1,0.0001585967221684213,0.0019930625139780666,0.07957438417316329,0.9365781016909995,-0.0037484268031117538,0.004065620247448596,success,journal + subfield,2019216,0.19158894108177416
pub,last,1,ai_use_intro_discussion,english_last,last_cumulative_pubs_top1,last_cumulative_pubs_top1,0.00024075512668690868,0.0005699413973679309,0.4224208450180133,0.6727311703713439,-0.0008765075943418549,0.0013580178477156722,success,journal + subfield,2019216,0.19158894108177416
pub,last,1,ai_use_intro_discussion,english_last,last_cumulative_pubs_top1,log_paper_authors_count,-0.005126388551547693,0.0008779965667742628,-5.8387341654215295,5.501358923964972e-09,-0.006847535388359869,-0.0034052417147355176,success,journal + subfield,2019216,0.19158894108177416
pub,last,1,ai_use_intro_discussion,english_last,last_cumulative_pubs_top1,log_paper_ref_count,0.03442244684257105,0.0013486689793737675,25.52327321901817,0.0,0.03177863542507986,0.03706625826006224,success,journal + subfield,2019216,0.19158894108177416
pub,last,1,ai_use_intro_discussion,english_last,last_cumulative_pubs_top1,log_sentences_count,-0.03201838556284405,0.0015343645389507361,-20.867521863311303,0.0,-0.035026218136078716,-0.02901055298960939,success,journal + subfield,2019216,0.19158894108177416
pub,last,1,ai_use_intro_discussion,english_last,last_cumulative_pubs_top1,post_gpt,0.07838238930259515,0.001712092201205437,45.78164029215732,0.0,0.07502615513500398,0.08173862347018633,success,journal + subfield,2019216,0.19158894108177416
pub,last,1,ai_use_intro_discussion,english_last,last_cumulative_pubs_top1,post_gpt:last_cumulative_pubs_top1,-0.015108283712276084,0.0012556869945557535,-12.031886750265505,0.0,-0.017569821468222096,-0.012646745956330072,success,journal + subfield,2019216,0.19158894108177416
pub,last,5,ai_use_intro_discussion,english_last,last_cumulative_pubs_top5,english_last,0.009504217234628746,0.0009339020325529233,10.176888906267747,0.0,0.007673478265880374,0.011334956203377117,success,journal + subfield,2019216,0.19266378754296998
pub,last,5,ai_use_intro_discussion,english_last,last_cumulative_pubs_top5,english_last:last_cumulative_pubs_top5,0.0006233746356729297,0.0007871106494600528,0.791978403672414,0.42840078965147166,-0.0009196074849936712,0.0021663567563395304,success,journal + subfield,2019216,0.19266378754296998
pub,last,5,ai_use_intro_discussion,english_last,last_cumulative_pubs_top5,english_last:post_gpt,-0.015607206306418684,0.002797818705999016,-5.578347972638143,2.52117760002335e-08,-0.02109180271377823,-0.010122609899059136,success,journal + subfield,2019216,0.19266378754296998
pub,last,5,ai_use_intro_discussion,english_last,last_cumulative_pubs_top5,english_last:post_gpt:last_cumulative_pubs_top5,0.0005097256291607767,0.002331474375188904,0.21862802121489197,0.8269463589989678,-0.004060690586369526,0.005080141844691079,success,journal + subfield,2019216,0.19266378754296998
pub,last,5,ai_use_intro_discussion,english_last,last_cumulative_pubs_top5,last_cumulative_pubs_top5,-8.921388721244834e-06,0.0004556783499921361,-0.019578258921888202,0.9843803795966648,-0.0009021929348438176,0.000884350157401328,success,journal + subfield,2019216,0.19266378754296998
pub,last,5,ai_use_intro_discussion,english_last,last_cumulative_pubs_top5,log_paper_authors_count,-0.004745714497584184,0.0008618022589718265,-5.50673248785175,3.788662583659175e-08,-0.0064351154452855054,-0.003056313549882862,success,journal + subfield,2019216,0.19266378754296998
pub,last,5,ai_use_intro_discussion,english_last,last_cumulative_pubs_top5,log_paper_ref_count,0.03454823325372899,0.001340005151446052,25.782164506193606,0.0,0.03192140563844929,0.03717506086900868,success,journal + subfield,2019216,0.19266378754296998
pub,last,5,ai_use_intro_discussion,english_last,last_cumulative_pubs_top5,log_sentences_count,-0.03213729421715779,0.0015336918689228482,-20.95420525358112,0.0,-0.035143808147547445,-0.029130780286768132,success,journal + subfield,2019216,0.19266378754296998
pub,last,5,ai_use_intro_discussion,english_last,last_cumulative_pubs_top5,post_gpt,0.08281370750329095,0.0019149297051396226,43.24634334149241,0.0,0.07905984862793373,0.08656756637864817,success,journal + subfield,2019216,0.19266378754296998
pub,last,5,ai_use_intro_discussion,english_last,last_cumulative_pubs_top5,post_gpt:last_cumulative_pubs_top5,-0.017186248318195308,0.001291676635606682,-13.305379879479801,0.0,-0.01971833698424384,-0.014654159652146777,success,journal + subfield,2019216,0.19266378754296998
pub,last,10,ai_use_intro_discussion,english_last,last_cumulative_pubs_top10,english_last,0.009219225108519946,0.001014612303893144,9.086451123394703,0.0,0.007230268860260059,0.011208181356779832,success,journal + subfield,2019216,0.1932097040354539
pub,last,10,ai_use_intro_discussion,english_last,last_cumulative_pubs_top10,english_last:last_cumulative_pubs_top10,0.0009826908361558755,0.0009153129562040224,1.0736118499089995,0.28303463531468553,-0.0008116077509692315,0.0027769894232809824,success,journal + subfield,2019216,0.1932097040354539
pub,last,10,ai_use_intro_discussion,english_last,last_cumulative_pubs_top10,english_last:post_gpt,-0.01524488980697451,0.0032676151505601552,-4.665448378876912,3.1381412854969426e-06,-0.021650433624723995,-0.008839345989225027,success,journal + subfield,2019216,0.1932097040354539
pub,last,10,ai_use_intro_discussion,english_last,last_cumulative_pubs_top10,english_last:post_gpt:last_cumulative_pubs_top10,-0.00027693342675137516,0.0026185082311349617,-0.10575999855892819,0.9157758828864115,-0.005410025433867746,0.004856158580364997,success,journal + subfield,2019216,0.1932097040354539
pub,last,10,ai_use_intro_discussion,english_last,last_cumulative_pubs_top10,last_cumulative_pubs_top10,-0.00034462179401176403,0.000502166030719219,-0.6862706215276752,0.49256578070338475,-0.0013290236789785027,0.0006397800909549747,success,journal + subfield,2019216,0.1932097040354539
pub,last,10,ai_use_intro_discussion,english_last,last_cumulative_pubs_top10,log_paper_authors_count,-0.004630984103669837,0.0008550818061307623,-5.415837491181106,6.308285382949919e-08,-0.00630721086984578,-0.0029547573374938936,success,journal + subfield,2019216,0.1932097040354539
pub,last,10,ai_use_intro_discussion,english_last,last_cumulative_pubs_top10,log_paper_ref_count,0.0346418284852169,0.0013338576946247743,25.97115766158394,0.0,0.03202705180072986,0.037256605169703944,success,journal + subfield,2019216,0.1932097040354539
pub,last,10,ai_use_intro_discussion,english_last,last_cumulative_pubs_top10,log_sentences_count,-0.032109884486395894,0.0015339517043933347,-20.93278712389129,0.0,-0.03511690777526717,-0.02910286119752462,success,journal + subfield,2019216,0.1932097040354539
pub,last,10,ai_use_intro_discussion,english_last,last_cumulative_pubs_top10,post_gpt,0.08653882370140253,0.002132742708664207,40.576307376337994,0.0,0.08235798347301995,0.09071966392978512,success,journal + subfield,2019216,0.1932097040354539
pub,last,10,ai_use_intro_discussion,english_last,last_cumulative_pubs_top10,post_gpt:last_cumulative_pubs_top10,-0.01857242515881304,0.0014665200390091117,-12.664283245227203,0.0,-0.021447261373191036,-0.015697588944435042,success,journal + subfield,2019216,0.1932097040354539
pub,last,20,ai_use_intro_discussion,english_last,last_cumulative_pubs_top20,english_last,0.009179968160079583,0.0012740332609552409,7.2054383832935835,6.408207298136404e-13,0.006682466005665815,0.011677470314493352,success,journal + subfield,2019216,0.19379207389968756
pub,last,20,ai_use_intro_discussion,english_last,last_cumulative_pubs_top20,english_last:last_cumulative_pubs_top20,0.0008582217017699379,0.0012128295799119886,0.7076193687757982,0.479205820097111,-0.001519302167972544,0.00323574557151242,success,journal + subfield,2019216,0.19379207389968756
pub,last,20,ai_use_intro_discussion,english_last,last_cumulative_pubs_top20,english_last:post_gpt,-0.015595767048218877,0.0039945661256831555,-3.9042455569693866,9.543046646998121e-05,-0.023426361280399155,-0.0077651728160385985,success,journal + subfield,2019216,0.19379207389968756
pub,last,20,ai_use_intro_discussion,english_last,last_cumulative_pubs_top20,english_last:post_gpt:last_cumulative_pubs_top20,6.865959343007539e-05,0.0031298690062624983,0.02193689042343167,0.9824989387340772,-0.006066858862589332,0.006204178049449483,success,journal + subfield,2019216,0.19379207389968756
pub,last,20,ai_use_intro_discussion,english_last,last_cumulative_pubs_top20,last_cumulative_pubs_top20,-0.0007837485371799644,0.0005767680224657474,-1.3588626738170264,0.17423500614427634,-0.0019143935704384642,0.0003468964960785353,success,journal + subfield,2019216,0.19379207389968756
pub,last,20,ai_use_intro_discussion,english_last,last_cumulative_pubs_top20,log_paper_authors_count,-0.004629183901902824,0.0008502157773470258,-5.444716535780501,5.369491273832239e-08,-0.006295871735506702,-0.0029624960682989466,success,journal + subfield,2019216,0.19379207389968756
pub,last,20,ai_use_intro_discussion,english_last,last_cumulative_pubs_top20,log_paper_ref_count,0.034782765409239406,0.0013224013386102065,26.302730036400877,0.0,0.032190446752109254,0.03737508406636956,success,journal + subfield,2019216,0.19379207389968756
pub,last,20,ai_use_intro_discussion,english_last,last_cumulative_pubs_top20,log_sentences_count,-0.03207110280244639,0.0015309071168318686,-20.94908466348752,0.0,-0.03507215775106542,-0.029070047853827365,success,journal + subfield,2019216,0.19379207389968756
pub,last,20,ai_use_intro_discussion,english_last,last_cumulative_pubs_top20,post_gpt,0.09313996927893237,0.002486865667037861,37.45275449070501,0.0,0.0882649377146011,0.09801500084326363,success,journal + subfield,2019216,0.19379207389968756
pub,last,20,ai_use_intro_discussion,english_last,last_cumulative_pubs_top20,post_gpt:last_cumulative_pubs_top20,-0.022890019985629145,0.001730391648580061,-13.228230732858904,0.0,-0.02628212677181149,-0.0194979131994468,success,journal + subfield,2019216,0.19379207389968756
pub_recent2year,first,5,ai_use_intro_discussion,english_first,first_recent2year_top5,english_first,0.009654734527534724,0.000829142277723488,11.644243439187523,0.0,0.008029361440175718,0.01128010761489373,success,journal + subfield,2052933,0.1922123064047242
pub_recent2year,first,5,ai_use_intro_discussion,english_first,first_recent2year_top5,english_first:first_recent2year_top5,0.0022041768462556168,0.0004978270720321985,4.427595384192073,9.675233889394619e-06,0.0012282831464897545,0.003180070546021479,success,journal + subfield,2052933,0.1922123064047242
pub_recent2year,first,5,ai_use_intro_discussion,english_first,first_recent2year_top5,english_first:post_gpt,-0.014215166575160795,0.002178208688301224,-6.526081110367413,7.228151410743067e-11,-0.018485123464027902,-0.009945209686293689,success,journal + subfield,2052933,0.1922123064047242
pub_recent2year,first,5,ai_use_intro_discussion,english_first,first_recent2year_top5,english_first:post_gpt:first_recent2year_top5,-0.0021467452225040705,0.0013753518870461944,-1.5608697982845514,0.11860016979590071,-0.004842856617271006,0.0005493661722628658,success,journal + subfield,2052933,0.1922123064047242
pub_recent2year,first,5,ai_use_intro_discussion,english_first,first_recent2year_top5,first_recent2year_top5,0.0022342159987546427,0.00039957974879677974,5.591414493558159,2.3381115710208178e-08,0.0014509171761072836,0.0030175148214020018,success,journal + subfield,2052933,0.1922123064047242
pub_recent2year,first,5,ai_use_intro_discussion,english_first,first_recent2year_top5,log_paper_authors_count,-0.006214106787819449,0.0008275767354251694,-7.508798304518478,6.727951529228449e-14,-0.00783641093226338,-0.0045918026433755185,success,journal + subfield,2052933,0.1922123064047242
pub_recent2year,first,5,ai_use_intro_discussion,english_first,first_recent2year_top5,log_paper_ref_count,0.03408663574642269,0.0013204239398246639,25.814918011066187,0.0,0.031498199969648456,0.03667507152319693,success,journal + subfield,2052933,0.1922123064047242
pub_recent2year,first,5,ai_use_intro_discussion,english_first,first_recent2year_top5,log_sentences_count,-0.03154943648973421,0.0015054602072727345,-20.956672476178312,0.0,-0.03450060008461128,-0.028598272894857137,success,journal + subfield,2052933,0.1922123064047242
pub_recent2year,first,5,ai_use_intro_discussion,english_first,first_recent2year_top5,post_gpt,0.07455876549675507,0.0016124264476986444,46.24010329473942,0.0,0.071397915273762,0.07771961571974813,success,journal + subfield,2052933,0.1922123064047242
pub_recent2year,first,5,ai_use_intro_discussion,english_first,first_recent2year_top5,post_gpt:first_recent2year_top5,0.011030580503093449,0.0010309172320050587,10.699773134686842,0.0,0.009009666639195087,0.01305149436699181,success,journal + subfield,2052933,0.1922123064047242
pub_recent2year,first,10,ai_use_intro_discussion,english_first,first_recent2year_top10,english_first,0.00931798219733114,0.0008094376344665648,11.511674032146866,0.0,0.007731236252389414,0.010904728142272866,success,journal + subfield,2052933,0.1922489612025412
pub_recent2year,first,10,ai_use_intro_discussion,english_first,first_recent2year_top10,english_first:first_recent2year_top10,0.0025518868018868496,0.00042321962014392136,6.0296987200618135,1.7271231111948282e-09,0.0017222465831864871,0.003381527020587212,success,journal + subfield,2052933,0.1922489612025412
pub_recent2year,first,10,ai_use_intro_discussion,english_first,first_recent2year_top10,english_first:post_gpt,-0.014087748493077331,0.0022081406356885113,-6.379914515129915,1.8861023853844472e-10,-0.01841638117624734,-0.009759115809907324,success,journal + subfield,2052933,0.1922489612025412
pub_recent2year,first,10,ai_use_intro_discussion,english_first,first_recent2year_top10,english_first:post_gpt:first_recent2year_top10,-0.001515624032466516,0.0011083834461117258,-1.367418502850628,0.17153854459112283,-0.003688395427902496,0.000657147362969464,success,journal + subfield,2052933,0.1922489612025412
pub_recent2year,first,10,ai_use_intro_discussion,english_first,first_recent2year_top10,first_recent2year_top10,0.00198790953935516,0.000365353313220218,5.441060659430616,5.477718034718748e-08,0.001271705024593187,0.0027041140541171327,success,journal + subfield,2052933,0.1922489612025412
pub_recent2year,first,10,ai_use_intro_discussion,english_first,first_recent2year_top10,log_paper_authors_count,-0.006333277968149762,0.0008303053353538922,-7.62764937003614,2.708944180085382e-14,-0.007960931005069049,-0.004705624931230475,success,journal + subfield,2052933,0.1922489612025412
pub_recent2year,first,10,ai_use_intro_discussion,english_first,first_recent2year_top10,log_paper_ref_count,0.0340775613626843,0.0013197538063473913,25.82115027726183,0.0,0.031490439252994905,0.03666468347237369,success,journal + subfield,2052933,0.1922489612025412
pub_recent2year,first,10,ai_use_intro_discussion,english_first,first_recent2year_top10,log_sentences_count,-0.03151777546230166,0.0015040667764828592,-20.955037339501292,0.0,-0.034466207505591255,-0.028569343419012065,success,journal + subfield,2052933,0.1922489612025412
pub_recent2year,first,10,ai_use_intro_discussion,english_first,first_recent2year_top10,post_gpt,0.07390188167842592,0.001631442065183177,45.29850201583975,0.0,0.07070375501479141,0.07710000834206042,success,journal + subfield,2052933,0.1922489612025412
pub_recent2year,first,10,ai_use_intro_discussion,english_first,first_recent2year_top10,post_gpt:first_recent2year_top10,0.008823308248164316,0.000802425117874939,10.995802663220546,0.0,0.007250308985847412,0.010396307510481219,success,journal + subfield,2052933,0.1922489612025412
pub_recent2year,first,20,ai_use_intro_discussion,english_first,first_recent2year_top20,english_first,0.008776508194993551,0.0007908431111220235,11.097660296416713,0.0,0.007226213217067363,0.01032680317291974,success,journal + subfield,2052933,0.19209929738347975
pub_recent2year,first,20,ai_use_intro_discussion,english_first,first_recent2year_top20,english_first:first_recent2year_top20,0.0027391472368756328,0.00039617822312891624,6.913926806078676,5.135225578101199e-12,0.00196251644747787,0.0035157780262733956,success,journal + subfield,2052933,0.19209929738347975
pub_recent2year,first,20,ai_use_intro_discussion,english_first,first_recent2year_top20,english_first:post_gpt,-0.014021401468012356,0.0023211599732624005,-6.040687255305896,1.6140773162476307e-09,-0.01857158670564637,-0.009471216230378342,success,journal + subfield,2052933,0.19209929738347975
pub_recent2year,first,20,ai_use_intro_discussion,english_first,first_recent2year_top20,english_first:post_gpt:first_recent2year_top20,-0.0011144136668625074,0.0009935864398331925,-1.1216071618787389,0.2620683951029579,-0.0030621477321230066,0.0008333203983979919,success,journal + subfield,2052933,0.19209929738347975
pub_recent2year,first,20,ai_use_intro_discussion,english_first,first_recent2year_top20,first_recent2year_top20,0.0016238361908450128,0.00032420274695201424,5.008705836429447,5.615337770326079e-07,0.000988299403129311,0.0022593729785607146,success,journal + subfield,2052933,0.19209929738347975
pub_recent2year,first,20,ai_use_intro_discussion,english_first,first_recent2year_top20,log_paper_authors_count,-0.006300947318576714,0.0008263671157380304,-7.624876642083371,2.7755575615628914e-14,-0.007920880237552786,-0.0046810143996006415,success,journal + subfield,2052933,0.19209929738347975
pub_recent2year,first,20,ai_use_intro_discussion,english_first,first_recent2year_top20,log_paper_ref_count,0.034067229101408136,0.001320060592159261,25.807322257596823,0.0,0.031479505597463986,0.03665495260535229,success,journal + subfield,2052933,0.19209929738347975
pub_recent2year,first,20,ai_use_intro_discussion,english_first,first_recent2year_top20,log_sentences_count,-0.03155639093895648,0.0015006058489927113,-21.029100319806734,0.0,-0.03449803850321163,-0.02861474337470133,success,journal + subfield,2052933,0.19209929738347975
pub_recent2year,first,20,ai_use_intro_discussion,english_first,first_recent2year_top20,post_gpt,0.07340189612599458,0.0016586786565464346,44.25323484828944,0.0,0.07015037739228644,0.07665341485970273,success,journal + subfield,2052933,0.19209929738347975
pub_recent2year,first,20,ai_use_intro_discussion,english_first,first_recent2year_top20,post_gpt:first_recent2year_top20,0.006587020178244124,0.000677463004544785,9.723069944860253,0.0,0.005258984972643762,0.007915055383844486,success,journal + subfield,2052933,0.19209929738347975
pub_recent2year,last,5,ai_use_intro_discussion,english_last,last_recent2year_top5,english_last,0.008405358179994247,0.0008876372399586576,9.46936180864351,0.0,0.006665312619902294,0.0101454037400862,success,journal + subfield,2019216,0.1910710916720798
pub_recent2year,last,5,ai_use_intro_discussion,english_last,last_recent2year_top5,english_last:last_recent2year_top5,0.0031225026072251786,0.0006654366710785511,4.692411378778049,2.752657317417473e-06,0.0018180393953318478,0.00442696581911851,success,journal + subfield,2019216,0.1910710916720798
pub_recent2year,last,5,ai_use_intro_discussion,english_last,last_recent2year_top5,english_last:post_gpt,-0.015701943458366684,0.0027294650633678565,-5.752754878273559,9.16009779139415e-09,-0.021052545428559534,-0.010351341488173833,success,journal + subfield,2019216,0.1910710916720798
pub_recent2year,last,5,ai_use_intro_discussion,english_last,last_recent2year_top5,english_last:post_gpt:last_recent2year_top5,0.00018478659028055083,0.0017375369856982902,0.1063497305677714,0.9153080011409416,-0.003221327282995745,0.0035909004635568463,success,journal + subfield,2019216,0.1910710916720798
pub_recent2year,last,5,ai_use_intro_discussion,english_last,last_recent2year_top5,last_recent2year_top5,0.0015876761294231787,0.0004101413668334924,3.871046077797213,0.00010938019231110374,0.000783671258692538,0.0023916810001538193,success,journal + subfield,2019216,0.1910710916720798
pub_recent2year,last,5,ai_use_intro_discussion,english_last,last_recent2year_top5,log_paper_authors_count,-0.0056850260770494685,0.000887407533211009,-6.4063306477449915,1.5898060645724854e-10,-0.007424621340344063,-0.003945430813754874,success,journal + subfield,2019216,0.1910710916720798
pub_recent2year,last,5,ai_use_intro_discussion,english_last,last_recent2year_top5,log_paper_ref_count,0.03429590932382612,0.0013472362706390979,25.456491983812853,0.0,0.03165490646185788,0.036936912185794354,success,journal + subfield,2019216,0.1910710916720798
pub_recent2year,last,5,ai_use_intro_discussion,english_last,last_recent2year_top5,log_sentences_count,-0.031757516616965034,0.0015339811756825772,-20.702676877917916,0.0,-0.03476459767874588,-0.028750435555184185,success,journal + subfield,2019216,0.1910710916720798
pub_recent2year,last,5,ai_use_intro_discussion,english_last,last_recent2year_top5,post_gpt,0.07762341141017123,0.0018385157219693996,42.22069492395845,0.0,0.07401934775087601,0.08122747506946645,success,journal + subfield,2019216,0.1910710916720798
pub_recent2year,last,5,ai_use_intro_discussion,english_last,last_recent2year_top5,post_gpt:last_recent2year_top5,-0.002101818006430514,0.0009755114922304495,-2.154580466935178,0.031229555951373333,-0.004014124480811116,-0.00018951153204991244,success,journal + subfield,2019216,0.1910710916720798
pub_recent2year,last,10,ai_use_intro_discussion,english_last,last_recent2year_top10,english_last,0.00790042559273909,0.0009754683182422936,8.09911039138098,6.661338147750939e-16,0.0059882037528274125,0.009812647432650767,success,journal + subfield,2019216,0.19106669176595037
pub_recent2year,last,10,ai_use_intro_discussion,english_last,last_recent2year_top10,english_last:last_recent2year_top10,0.00313934910353053,0.000739531976347309,4.245048495450299,2.2144245868327417e-05,0.0016896360067151055,0.004589062200345955,success,journal + subfield,2019216,0.19106669176595037
pub_recent2year,last,10,ai_use_intro_discussion,english_last,last_recent2year_top10,english_last:post_gpt,-0.016122976369018337,0.0030213561747145174,-5.336337537411248,9.789451693720252e-08,-0.022045775864804773,-0.010200176873231902,success,journal + subfield,2019216,0.19106669176595037
pub_recent2year,last,10,ai_use_intro_discussion,english_last,last_recent2year_top10,english_last:post_gpt:last_recent2year_top10,0.0008406802793204938,0.0018355418893489337,0.45800114080680715,0.6469662004740975,-0.0027575537414526383,0.004438914300093626,success,journal + subfield,2019216,0.19106669176595037
pub_recent2year,last,10,ai_use_intro_discussion,english_last,last_recent2year_top10,last_recent2year_top10,0.0013075604281812185,0.0004045610681598272,3.2320471026259243,0.0012349037961885134,0.0005144946815589246,0.0021006261748035123,success,journal + subfield,2019216,0.19106669176595037
pub_recent2year,last,10,ai_use_intro_discussion,english_last,last_recent2year_top10,log_paper_authors_count,-0.005571914646846847,0.0008791598421228697,-6.337772018103764,2.479629834795105e-10,-0.0072953418657953125,-0.003848487427898381,success,journal + subfield,2019216,0.19106669176595037
pub_recent2year,last,10,ai_use_intro_discussion,english_last,last_recent2year_top10,log_paper_ref_count,0.03432510826497265,0.0013439513886781846,25.540438853768656,0.0,0.03169054479515044,0.036959671734794856,success,journal + subfield,2019216,0.19106669176595037
pub_recent2year,last,10,ai_use_intro_discussion,english_last,last_recent2year_top10,log_sentences_count,-0.03180842612167848,0.0015315544487634568,-20.768720398651123,0.0,-0.03481075004257893,-0.02880610220077803,success,journal + subfield,2019216,0.19106669176595037
pub_recent2year,last,10,ai_use_intro_discussion,english_last,last_recent2year_top10,post_gpt,0.07869957954290724,0.0020000296929681663,39.34920557409938,0.0,0.0747788981759747,0.08262026090983977,success,journal + subfield,2019216,0.19106669176595037
pub_recent2year,last,10,ai_use_intro_discussion,english_last,last_recent2year_top10,post_gpt:last_recent2year_top10,-0.0034178093589905803,0.0010999277438030715,-3.107303528114749,0.0018957784811439726,-0.005574010452035793,-0.0012616082659453677,success,journal + subfield,2019216,0.19106669176595037
pub_recent2year,last,20,ai_use_intro_discussion,english_last,last_recent2year_top20,english_last,0.007545698877259061,0.001169517596553317,6.451975497843705,1.179596420541884e-10,0.005253079990035726,0.009838317764482397,success,journal + subfield,2019216,0.19108155783519531
pub_recent2year,last,20,ai_use_intro_discussion,english_last,last_recent2year_top20,english_last:last_recent2year_top20,0.0029593248363302604,0.0009617236287635658,3.07710525957951,0.002098496888746082,0.001074046870363549,0.004844602802296972,success,journal + subfield,2019216,0.19108155783519531
pub_recent2year,last,20,ai_use_intro_discussion,english_last,last_recent2year_top20,english_last:post_gpt,-0.016573342472909786,0.0037222063610978786,-4.452558742073993,8.620359843503067e-06,-0.023870026704720576,-0.009276658241098997,success,journal + subfield,2019216,0.19108155783519531
pub_recent2year,last,20,ai_use_intro_discussion,english_last,last_recent2year_top20,english_last:post_gpt:last_recent2year_top20,0.0011950590593986256,0.0024254660262798583,0.4927131720049645,0.6222311170959829,-0.0035596100781633668,0.0059497281969606184,success,journal + subfield,2019216,0.19108155783519531
pub_recent2year,last,20,ai_use_intro_discussion,english_last,last_recent2year_top20,last_recent2year_top20,0.0007776141728546726,0.0005263883962559993,1.4772631357103363,0.13965124934543294,-0.00025427109576230827,0.0018094994414716535,success,journal + subfield,2019216,0.19108155783519531
pub_recent2year,last,20,ai_use_intro_discussion,english_last,last_recent2year_top20,log_paper_authors_count,-0.005391712967803482,0.0008756611677127655,-6.157305093118018,7.819151992549678e-10,-0.00710828169479211,-0.003675144240814854,success,journal + subfield,2019216,0.19108155783519531
pub_recent2year,last,20,ai_use_intro_discussion,english_last,last_recent2year_top20,log_paper_ref_count,0.03439675904700977,0.0013419382223507745,25.632147944004732,0.0,0.03176614201045111,0.03702737608356843,success,journal + subfield,2019216,0.19108155783519531
pub_recent2year,last,20,ai_use_intro_discussion,english_last,last_recent2year_top20,log_sentences_count,-0.03187379540979316,0.0015306600267813927,-20.823562941547532,0.0,-0.03487436598492501,-0.02887322483466132,success,journal + subfield,2019216,0.19108155783519531
pub_recent2year,last,20,ai_use_intro_discussion,english_last,last_recent2year_top20,post_gpt,0.08078101259223133,0.002327108763614048,34.713036990491474,0.0,0.07621915433562383,0.08534287084883883,success,journal + subfield,2019216,0.19108155783519531
pub_recent2year,last,20,ai_use_intro_discussion,english_last,last_recent2year_top20,post_gpt:last_recent2year_top20,-0.005508147771165496,0.0014256499816195371,-3.86360456085318,0.00011276067245491461,-0.008302865938778416,-0.002713429603552576,success,journal + subfield,2019216,0.19108155783519531
