accepted_month,english_country,n,mean_ai_content,std_ai_content,se_ai_content,ci95_lower,ci95_upper,group_label
2021-01-01,0.0,22376,0.03735640865212728,0.06727566724269395,0.00044974545908237523,0.03647487606408415,0.038237941240170416,Non-English-speaking country
2021-01-01,1.0,12961,0.05690479129696783,0.09307926916442606,0.0008175864954291942,0.055302201542313606,0.05850738105162205,English-speaking country
2021-02-01,0.0,22243,0.037851458885941644,0.06754099462849822,0.0004528670998679675,0.036963807376260184,0.038739110395623104,Non-English-speaking country
2021-02-01,1.0,12526,0.05602929905795944,0.09184239309513224,0.0008206103452739435,0.05442077689514296,0.057637821220775924,English-speaking country
2021-03-01,0.0,25700,0.03838093385214008,0.06940983300374076,0.0004329666425090635,0.03753229485737218,0.03922957284690798,Non-English-speaking country
2021-03-01,1.0,14358,0.057581069786878394,0.0930890922703951,0.0007768762073679837,0.05605829202262707,0.05910384755112972,English-speaking country
2021-04-01,0.0,24634,0.03842619956158155,0.06878337159256037,0.00043824401275203756,0.03756721487319397,0.039285184249969136,Non-English-speaking country
2021-04-01,1.0,13477,0.06097863025895971,0.09619536024134218,0.0008286240062348295,0.059354411168858416,0.06260284934906099,English-speaking country
2021-05-01,0.0,24788,0.0394242778763918,0.07024429556202903,0.0004461596777890026,0.03854977827424458,0.04029877747853902,Non-English-speaking country
2021-05-01,1.0,13433,0.059029777413831606,0.09473016287783957,0.0008173381616125606,0.05742767968821918,0.060631875139444034,English-speaking country
2021-06-01,0.0,25027,0.039400287689295564,0.07054675214854976,0.0004459360961240791,0.03852622672818353,0.0402743486504076,Non-English-speaking country
2021-06-01,1.0,13540,0.058938700147710486,0.09456978094815134,0.0008127239365791587,0.0573456480865804,0.06053175220884057,English-speaking country
2021-07-01,0.0,23862,0.03998248260833124,0.07082062897579003,0.0004584651819343752,0.039083861780489115,0.04088110343617336,Non-English-speaking country
2021-07-01,1.0,12686,0.05850480845026013,0.09437620071326747,0.0008379153308143158,0.05686236786326338,0.060147249037256885,English-speaking country
2021-08-01,0.0,24548,0.03895221606648199,0.06842126292497647,0.0004366998360338012,0.038096257910208965,0.03980817422275502,Non-English-speaking country
2021-08-01,1.0,12800,0.057162578125,0.09128867942973284,0.0008068855533791123,0.055580961932066894,0.05874419431793311,English-speaking country
2021-09-01,0.0,25127,0.04035929478250487,0.07046885891428696,0.00044455645359153594,0.0394879381695865,0.04123065139542324,Non-English-speaking country
2021-09-01,1.0,12669,0.05926024153445418,0.09543919094518415,0.0008479213703345697,0.0575981873860866,0.06092229568282176,English-speaking country
2021-10-01,0.0,24738,0.041280701754385966,0.07272634507535944,0.0004623911036163471,0.040374387499218636,0.042187016009553296,Non-English-speaking country
2021-10-01,1.0,12488,0.060622677770659834,0.09630149480475426,0.0008617604992352165,0.058933494496622676,0.06231186104469699,English-speaking country
2021-11-01,0.0,25959,0.04134411957317308,0.07178992759739991,0.0004455736871104994,0.04047077047165367,0.042217468674692483,Non-English-speaking country
2021-11-01,1.0,12566,0.06095567404106319,0.09619075188884214,0.0008580938547615657,0.05927367896696641,0.06263766911515996,English-speaking country
2021-12-01,0.0,25250,0.041018653465346534,0.07131890133144872,0.0004488218102007499,0.04013893671081113,0.041898370219881936,Non-English-speaking country
2021-12-01,1.0,12195,0.06147740877408774,0.09756722386413112,0.0008835132065256559,0.05974558281034388,0.0632092347378316,English-speaking country
2022-01-01,0.0,25923,0.04137133047872546,0.07257234366422455,0.00045074250978452125,0.04048785014131509,0.04225481081613583,Non-English-speaking country
2022-01-01,1.0,13174,0.06237710642173979,0.09760204560253598,0.0008503546490336276,0.060710288784854426,0.06404392405862516,English-speaking country
2022-02-01,0.0,24932,0.041883523183057915,0.07307662473706554,0.00046280700188261307,0.04097639408777987,0.04279065227833596,Non-English-speaking country
2022-02-01,1.0,12627,0.06108901560148887,0.09450632311659482,0.0008410286229446641,0.05944047175664944,0.06273755944632829,English-speaking country
2022-03-01,0.0,29346,0.04272906017855926,0.0740883776772634,0.00043248956012361864,0.04188136125283791,0.043576759104280605,Non-English-speaking country
2022-03-01,1.0,14993,0.06362535850063364,0.09838784273797466,0.0008035208820886611,0.062050359355047074,0.0652003576462202,English-speaking country
2022-04-01,0.0,27206,0.04289858854664412,0.07475492992499176,0.0004532183567852152,0.042010257367922965,0.043786919725365275,Non-English-speaking country
2022-04-01,1.0,13873,0.06385259136452101,0.10063882512265822,0.000854437626520085,0.06217777825833066,0.06552740447071136,English-speaking country
2022-05-01,0.0,29048,0.043604137978518316,0.07590384785553489,0.0004453543252858548,0.04273122316697927,0.04447705279005736,Non-English-speaking country
2022-05-01,1.0,14614,0.06511632680990831,0.10169344007736136,0.0008412176715022531,0.06346743389639245,0.06676521972342417,English-speaking country
2022-06-01,0.0,28925,0.04437649092480553,0.07546605621128846,0.0004437260961494015,0.04350676736259507,0.04524621448701599,Non-English-speaking country
2022-06-01,1.0,14263,0.0638927294398093,0.09886199190000863,0.0008277971281820469,0.062270139178859256,0.06551531970075934,English-speaking country
2022-07-01,0.0,29006,0.0448336895814659,0.07735542831566339,0.0004541997322126515,0.04394343731476866,0.04572394184816314,Non-English-speaking country
2022-07-01,1.0,14383,0.06559083640408817,0.10069118835912062,0.000839588973393962,0.06394513375507622,0.0672365390531001,English-speaking country
2022-08-01,0.0,31665,0.04525564503394915,0.07756648225766433,0.0004358974715580213,0.044401269030017745,0.04611002103788056,Non-English-speaking country
2022-08-01,1.0,15298,0.06391358347496405,0.09870346189819286,0.0007980223541860375,0.06234936463431795,0.06547780231561015,English-speaking country
2022-09-01,0.0,30779,0.04505253581987719,0.07719825939620634,0.0004400279422279025,0.04419006298364125,0.045915008656113136,Non-English-speaking country
2022-09-01,1.0,14693,0.06532845572721704,0.10262532757346178,0.0008466410409210064,0.06366893306362956,0.06698797839080453,English-speaking country
2022-10-01,0.0,29846,0.04482828519734638,0.07546630356713703,0.0004368275400447901,0.04397208422817606,0.04568448616651669,Non-English-speaking country
2022-10-01,1.0,14764,0.06507795990246545,0.10082250420116438,0.0008297656683092204,0.06345151573091229,0.06670440407401862,English-speaking country
2022-11-01,0.0,31470,0.046329329520177945,0.07748932897515208,0.000436810961964683,0.04547316283670387,0.04718549620365202,Non-English-speaking country
2022-11-01,1.0,14631,0.06569626136285968,0.10037796792458117,0.0008298534317858505,0.06406964395148557,0.06732287877423379,English-speaking country
2022-12-01,0.0,30018,0.045601405823172764,0.07746148355500877,0.0004470899769430535,0.044725090235181196,0.04647772141116433,Non-English-speaking country
2022-12-01,1.0,13452,0.0646128456735058,0.09967512229851516,0.0008593960394218075,0.06292830880791177,0.06629738253909982,English-speaking country
2023-01-01,0.0,29780,0.04551994627266622,0.07723037408352439,0.00044753374925098164,0.04464276058916166,0.04639713195617078,Non-English-speaking country
2023-01-01,1.0,14480,0.06601305248618784,0.10189402702561191,0.000846768016310173,0.06435327892322269,0.06767282604915299,English-speaking country
2023-02-01,0.0,28617,0.048320613621274065,0.07990650230949378,0.0004723566884835624,0.0473947723639123,0.04924645487863583,Non-English-speaking country
2023-02-01,1.0,13649,0.06820235914719026,0.10171538799822652,0.0008706352428581427,0.06649579408204487,0.06990892421233566,English-speaking country
2023-03-01,0.0,29132,0.04867722779074558,0.07974934255966112,0.00046724209318882307,0.04776141206480896,0.04959304351668219,Non-English-speaking country
2023-03-01,1.0,14691,0.06986059492206112,0.10539474002631477,0.0008695473933811501,0.06815617291459948,0.07156501692952276,English-speaking country
2023-04-01,0.0,24981,0.05237552539930347,0.08681863433655042,0.0005492980286228735,0.051298868878850615,0.05345218191975633,Non-English-speaking country
2023-04-01,1.0,12734,0.07043128632008795,0.10662869639750636,0.0009449126800615335,0.06857911543653852,0.07228345720363738,English-speaking country
2023-05-01,0.0,26243,0.0571511641199558,0.09418778730785055,0.0005814171717431413,0.05601155484097408,0.05829077339893752,Non-English-speaking country
2023-05-01,1.0,13952,0.07585084575688072,0.11280327025440745,0.0009550001868818896,0.07397891738032472,0.07772277413343673,English-speaking country
2023-06-01,0.0,24633,0.06607205780863071,0.10722183455277759,0.0006831633826539212,0.06473301638544651,0.0674110992318149,Non-English-speaking country
2023-06-01,1.0,12926,0.07953017174686679,0.11843138004001823,0.001041680931373365,0.07748832342892532,0.08157202006480825,English-speaking country
2023-07-01,0.0,24902,0.07386213958718175,0.11935788097928622,0.0007563694610042466,0.07237961062327464,0.07534466855108887,Non-English-speaking country
2023-07-01,1.0,12749,0.08665346301670718,0.12638864778389675,0.0011193605757609476,0.08445934828160884,0.08884757775180552,English-speaking country
2023-08-01,0.0,25742,0.08524741667314116,0.1337556413251794,0.0008336638411140107,0.08361338873595948,0.08688144461032284,Non-English-speaking country
2023-08-01,1.0,13395,0.09156244867487869,0.13313285437643035,0.0011503073226315974,0.08930768399719556,0.09381721335256181,English-speaking country
2023-09-01,0.0,24278,0.09631880715050663,0.14782784268442023,0.0009487456235504765,0.09445920718490902,0.09817840711610423,Non-English-speaking country
2023-09-01,1.0,12574,0.09849809129950693,0.1421310329591667,0.0012675123055538257,0.09601357365404836,0.1009826089449655,English-speaking country
2023-10-01,0.0,25391,0.1048796817770076,0.15555173897625257,0.0009761913788142235,0.1029662906194669,0.1067930729345483,Non-English-speaking country
2023-10-01,1.0,13821,0.10280840749583967,0.14741660858912642,0.0012539397861092022,0.10035051541279667,0.10526629957888266,English-speaking country
2023-11-01,0.0,26322,0.11136243446546616,0.160515166226675,0.000989365200170136,0.10942322513158138,0.11330164379935094,Non-English-speaking country
2023-11-01,1.0,13193,0.11130266050178124,0.1565607551344135,0.0013630479255727973,0.10863089052420617,0.1139744304793563,English-speaking country
2023-12-01,0.0,24204,0.1205899851264254,0.16937402670631593,0.0010886875099151462,0.11845609010298291,0.12272388014986788,Non-English-speaking country
2023-12-01,1.0,12086,0.11720916763197087,0.16322173714224575,0.001484693135994729,0.11429893108512264,0.1201194041788191,English-speaking country
2024-01-01,0.0,27517,0.12841069157248247,0.1754847929359445,0.0010578861849368476,0.12633718154145873,0.1304842016035062,Non-English-speaking country
2024-01-01,1.0,13928,0.12061839460080413,0.1636833121160378,0.0013869475103318017,0.1178997911646561,0.12333699803695217,English-speaking country
2024-02-01,0.0,25835,0.13518083994580996,0.17986847804342568,0.0011190534408983968,0.13298743274027838,0.13737424715134153,Non-English-speaking country
2024-02-01,1.0,13159,0.12752564784558096,0.1703249603504891,0.0014847962193290315,0.12461523301145794,0.13043606267970398,English-speaking country
2024-03-01,0.0,26282,0.14081063085001141,0.18426196113450755,0.001136596943052192,0.13858283917639783,0.143038422523625,Non-English-speaking country
2024-03-01,1.0,13324,0.13104052836985888,0.17410149867470354,0.0015082912012279745,0.12808406334944442,0.13399699339027335,English-speaking country
2024-04-01,0.0,27328,0.14823788788056205,0.1888989233766557,0.0011426824523663502,0.14599817222697486,0.15047760353414924,Non-English-speaking country
2024-04-01,1.0,13618,0.1347113379350859,0.1785271435270937,0.0015298455631854101,0.1317126291856211,0.13771004668455072,English-speaking country
2024-05-01,0.0,28781,0.1549859629616761,0.19148565233367695,0.0011287124069645576,0.15277363425402865,0.15719829166932356,Non-English-speaking country
2024-05-01,1.0,14247,0.13971699305116866,0.1782500284602363,0.00149337162676126,0.13678978974730613,0.1426441963550312,English-speaking country
2024-06-01,0.0,26540,0.15891593820648078,0.19331737233248916,0.001186643935601454,0.15659005275360688,0.1612418236593547,Non-English-speaking country
2024-06-01,1.0,13345,0.1418330460846759,0.17876987363039276,0.00154751562990178,0.13879969604560496,0.14486639612374683,English-speaking country
2024-07-01,0.0,29548,0.1607314877487478,0.19140184087662374,0.0011134790885418645,0.15854901943499433,0.16291395606250125,Non-English-speaking country
2024-07-01,1.0,14764,0.14567901652668652,0.18288005986095052,0.0015050964692186184,0.14272883977982984,0.1486291932735432,English-speaking country
2024-08-01,0.0,28228,0.1683897548533371,0.19558205319030217,0.0011640964011356458,0.1661080699947351,0.1706714397119391,Non-English-speaking country
2024-08-01,1.0,14421,0.1469018792039387,0.18076930842422978,0.0015053136788618355,0.1439512709444809,0.14985248746339652,English-speaking country
2024-09-01,0.0,28587,0.17300657641585335,0.19750276244328654,0.0011681238296119177,0.17071699883700575,0.17529615399470094,Non-English-speaking country
2024-09-01,1.0,14587,0.15682888873654624,0.1883617062483667,0.0015595870641201093,0.15377190058773632,0.15988587688535616,English-speaking country
2024-10-01,0.0,30156,0.1776816553919618,0.19952386100993533,0.001148968105013122,0.17542962889472544,0.17993368188919814,Non-English-speaking country
2024-10-01,1.0,15210,0.15987008547008547,0.189690455442842,0.0015380868963950373,0.15685525062138647,0.16288492031878446,English-speaking country
2024-11-01,0.0,29855,0.18520348350360075,0.20101702715923334,0.0011633872721491722,0.18292319390085804,0.18748377310634345,Non-English-speaking country
2024-11-01,1.0,14426,0.16129391376680993,0.18901932077446515,0.001573740908860565,0.15820917943267945,0.1643786481009404,English-speaking country
2024-12-01,0.0,30425,0.1918213968775678,0.20201930879605043,0.00115818407045236,0.1895513075006077,0.1940914862545279,Non-English-speaking country
2024-12-01,1.0,13961,0.1705562638779457,0.19470833673370314,0.001647882658065462,0.16732619316310424,0.17378633459278717,English-speaking country
