section,accepted_year_month,mean,ci_lower,ci_upper
discussion,2021-01,0.03661017366333926,0.03580507997808656,0.03741526734859196
discussion,2021-02,0.03639118317666908,0.03559957493380152,0.03718279141953665
discussion,2021-03,0.037438861813900125,0.03668068638748917,0.03819703724031108
discussion,2021-04,0.03845015508493271,0.03765676677090057,0.03924354339896486
discussion,2021-05,0.038754703438979285,0.03795775881164532,0.03955164806631325
discussion,2021-06,0.03867228207277695,0.03787535652700985,0.039469207618544055
discussion,2021-07,0.0383483943441715,0.03754558014902125,0.03915120853932175
discussion,2021-08,0.03762662575980549,0.03684778862664876,0.038405462892962226
discussion,2021-09,0.03866979062980513,0.03787912380200734,0.03946045745760291
discussion,2021-10,0.03953419184285214,0.038719339890620506,0.04034904379508377
discussion,2021-11,0.03993072988680624,0.03913482549207337,0.0407266342815391
discussion,2021-12,0.03936893578010114,0.03857357468894671,0.04016429687125556
discussion,2022-01,0.04012124611615679,0.03932581463276446,0.040916677599549124
discussion,2022-02,0.04090340391826022,0.04008185156768079,0.04172495626883965
discussion,2022-03,0.04246323662309948,0.04167966495314957,0.043246808293049395
discussion,2022-04,0.042804694521497925,0.04197200101514065,0.0436373880278552
discussion,2022-05,0.04320708932812798,0.04239254017021442,0.04402163848604154
discussion,2022-06,0.043629535346885025,0.042817382696976665,0.044441687996793384
discussion,2022-07,0.043415223158069144,0.04260308701197271,0.044227359304165575
discussion,2022-08,0.043500474843248205,0.04271954844404553,0.04428140124245088
discussion,2022-09,0.043659785225358044,0.042860429359559596,0.04445914109115649
discussion,2022-10,0.04370334880571955,0.0428990773843247,0.0445076202271144
discussion,2022-11,0.045075119690610066,0.0442572818921442,0.04589295748907593
discussion,2022-12,0.0442474548890205,0.04341649942066859,0.045078410357372416
discussion,2023-01,0.04534295524314232,0.04450333470140399,0.04618257578488066
discussion,2023-02,0.04628136876584352,0.04543253325402511,0.04713020427766192
discussion,2023-03,0.04770811174449051,0.04685775673132888,0.04855846675765214
discussion,2023-04,0.04920950561195536,0.048268121913118765,0.05015088931079196
discussion,2023-05,0.05355587018361994,0.052569086567181074,0.0545426538000588
discussion,2023-06,0.05884025229992923,0.05774309672395269,0.05993740787590577
discussion,2023-07,0.06580754774701582,0.06459130070549687,0.06702379478853476
discussion,2023-08,0.07462214611817501,0.07329997496059516,0.07594431727575486
discussion,2023-09,0.08376319820269597,0.08226999970383098,0.08525639670156096
discussion,2023-10,0.09000749195750238,0.08847988296912555,0.0915351009458792
discussion,2023-11,0.09797022331345726,0.09637359059543363,0.09956685603148088
discussion,2023-12,0.10465909371884347,0.10289769047576192,0.10642049696192502
discussion,2024-01,0.11045026953811278,0.1087550396229044,0.11214549945332115
discussion,2024-02,0.11869835673652694,0.11687566922599003,0.12052104424706385
discussion,2024-03,0.12138547572930548,0.1195586819351407,0.12321226952347027
discussion,2024-04,0.12763114721795088,0.12578556016678796,0.1294767342691138
discussion,2024-05,0.13475986447811447,0.13290618183747518,0.13661354711875376
discussion,2024-06,0.13701488352164343,0.1350881201317224,0.13894164691156446
discussion,2024-07,0.13995272494798663,0.1381278399899159,0.14177760990605737
discussion,2024-08,0.14388699558126458,0.14203017654255148,0.14574381461997768
discussion,2024-09,0.14959525620443717,0.1477097175420964,0.15148079486677793
discussion,2024-10,0.1533931237781792,0.15156393268657697,0.15522231486978144
discussion,2024-11,0.16014043409490333,0.1582596190095871,0.16202124918021957
discussion,2024-12,0.16864728198591586,0.16672833894817096,0.17056622502366076
intro,2021-01,0.05559222317733206,0.05411823888116252,0.05706620747350161
intro,2021-02,0.055778845535714286,0.05430282112998929,0.05725486994143928
intro,2021-03,0.057467948394414124,0.056026422849388954,0.058909473939439294
intro,2021-04,0.05905016435408473,0.05757061199275714,0.06052971671541232
intro,2021-05,0.05850764698602213,0.05704388123022367,0.059971412741820586
intro,2021-06,0.059864299456444,0.05838789149962514,0.06134070741326287
intro,2021-07,0.058797356405585914,0.05730659243912699,0.06028812037204484
intro,2021-08,0.056976017437115084,0.05555290544071119,0.05839912943351898
intro,2021-09,0.058804943805597754,0.05733811330662417,0.06027177430457134
intro,2021-10,0.05980313143923088,0.058329693363292474,0.06127656951516929
intro,2021-11,0.05931552201129482,0.05788750265148892,0.060743541371100725
intro,2021-12,0.06021940363965975,0.058753853106209536,0.06168495417310997
intro,2022-01,0.06036940654457312,0.05893409784443034,0.0618047152447159
intro,2022-02,0.061331106025824964,0.05984433178561978,0.06281788026603015
intro,2022-03,0.06361161452380952,0.06220171632118177,0.06502151272643726
intro,2022-04,0.0637814481298518,0.06232019515093132,0.06524270110877228
intro,2022-05,0.06462324261577732,0.0631842759573917,0.06606220927416293
intro,2022-06,0.06495098064672693,0.06351445988110223,0.06638750141235163
intro,2022-07,0.06499160089849441,0.06356139248662102,0.06642180931036781
intro,2022-08,0.06405669181692095,0.06269912584757842,0.06541425778626347
intro,2022-09,0.06505878080018133,0.0636647053707065,0.06645285622965617
intro,2022-10,0.0640569994855085,0.06270990973360452,0.06540408923741248
intro,2022-11,0.06676933462615815,0.06539808980162821,0.06814057945068809
intro,2022-12,0.0645870291273118,0.0632120787833374,0.06596197947128621
intro,2023-01,0.06454021495897094,0.06319651749409304,0.06588391242384885
intro,2023-02,0.06694412649670581,0.06553607124324877,0.06835218175016285
intro,2023-03,0.0677582461924686,0.06637705778326641,0.0691394346016708
intro,2023-04,0.07135246394503367,0.0697343655266747,0.07297056236339264
intro,2023-05,0.07644797271612506,0.07481451221992645,0.07808143321232368
intro,2023-06,0.0874156232238451,0.08548353788678772,0.08934770856090246
intro,2023-07,0.0964424586445925,0.09432947983456383,0.09855543745462117
intro,2023-08,0.10717574926580957,0.10489104014879812,0.10946045838282102
intro,2023-09,0.11666772545319766,0.11414488468528108,0.11919056622111424
intro,2023-10,0.12869748627771146,0.1261004246573531,0.13129454789806982
intro,2023-11,0.1330864058503229,0.13043512395112156,0.13573768774952422
intro,2023-12,0.1398216571664034,0.13697656556160162,0.1426667487712052
intro,2024-01,0.14852551326530614,0.14575386459268957,0.1512971619379227
intro,2024-02,0.15238356550454055,0.1494901134489025,0.1552770175601786
intro,2024-03,0.16042470276699636,0.1574673678515083,0.1633820376824844
intro,2024-04,0.16660137792622015,0.16362616875208916,0.16957658710035114
intro,2024-05,0.171282403670246,0.16839001248540172,0.17417479485509027
intro,2024-06,0.17465550213273115,0.17160167879489688,0.17770932547056542
intro,2024-07,0.17464724566457973,0.1718252219992717,0.17746926932988777
intro,2024-08,0.1815608816503174,0.1786175541557165,0.18450420914491827
intro,2024-09,0.18566166768223877,0.18273685820528,0.18858647715919755
intro,2024-10,0.1920685618169217,0.18919038181783365,0.19494674181600974
intro,2024-11,0.19743457501352082,0.1944840026313502,0.20038514739569144
intro,2024-12,0.2041978445330603,0.20124244476965614,0.20715324429646448
method,2021-01,0.004996977925023033,0.0046998980473658865,0.005294057802680179
method,2021-02,0.004915517211734785,0.004623722174245797,0.005207312249223774
method,2021-03,0.0049689294383291,0.004703925947316675,0.005233932929341525
method,2021-04,0.005516754287954523,0.005230314216007932,0.0058031943599011135
method,2021-05,0.005464185268438885,0.0051770613258544105,0.005751309211023359
method,2021-06,0.005201323437950822,0.0049176703118424935,0.005484976564059151
method,2021-07,0.00514771089536138,0.0048604304367053834,0.005434991354017377
method,2021-08,0.004964074568469505,0.004691685261679941,0.005236463875259069
method,2021-09,0.005130228302679639,0.004850977749097438,0.00540947885626184
method,2021-10,0.005349486002783262,0.005064787658077181,0.005634184347489343
method,2021-11,0.0050475526169779916,0.0047774963331762635,0.00531760890077972
method,2021-12,0.005146813874362045,0.004871309017054952,0.005422318731669137
method,2022-01,0.005656911661638785,0.005372579430668733,0.005941243892608837
method,2022-02,0.005243318518518518,0.004966948198063913,0.005519688838973124
method,2022-03,0.005646183777589828,0.005378569505604612,0.005913798049575045
method,2022-04,0.005907918626639877,0.005617476103188502,0.006198361150091252
method,2022-05,0.005960545825355865,0.005679081684097968,0.006242009966613761
method,2022-06,0.006005489073118461,0.005729186040053194,0.006281792106183728
method,2022-07,0.005743262901489831,0.005470369033142335,0.0060161567698373275
method,2022-08,0.005969508738720049,0.005696002972699805,0.006243014504740293
method,2022-09,0.005888013422098143,0.005619778413370976,0.00615624843082531
method,2022-10,0.005895232653285374,0.00562115550518781,0.006169309801382938
method,2022-11,0.006138228375527426,0.005857167037104856,0.006419289713949996
method,2022-12,0.005921276367132274,0.005637420674287474,0.006205132059977074
method,2023-01,0.00608677211610435,0.005808817957664948,0.006364726274543752
method,2023-02,0.006209952036356268,0.005919689560027826,0.0065002145126847105
method,2023-03,0.006296042314095449,0.00600628291289118,0.006585801715299718
method,2023-04,0.006765503535746723,0.0064400460582416065,0.0070909610132518395
method,2023-05,0.007318440847381769,0.006979651149605822,0.007657230545157715
method,2023-06,0.007921963773199822,0.007557977960798868,0.008285949585600777
method,2023-07,0.00871584199948133,0.008314882617181522,0.009116801381781137
method,2023-08,0.010396612515192121,0.009960216365009376,0.010833008665374866
method,2023-09,0.011511919117408119,0.011013616420120336,0.0120102218146959
method,2023-10,0.013391417719207474,0.012859378272527049,0.013923457165887899
method,2023-11,0.013889609310033142,0.0133530899723358,0.014426128647730484
method,2023-12,0.014579077967571897,0.013995074813391004,0.01516308112175279
method,2024-01,0.015547309400660412,0.014975737747639047,0.016118881053681776
method,2024-02,0.017449197267691542,0.016812648433772035,0.01808574610161105
method,2024-03,0.017652659081111046,0.01702203523247688,0.018283282929745213
method,2024-04,0.01903289838629082,0.01837780171173501,0.019687995060846633
method,2024-05,0.02013225094556356,0.019481939410083048,0.02078256248104407
method,2024-06,0.02017126878426808,0.01948435669951966,0.0208581808690165
method,2024-07,0.020474818965047166,0.019838142990215513,0.02111149493987882
method,2024-08,0.020940885125101564,0.02028180522035402,0.021599965029849108
method,2024-09,0.02194584039707707,0.021285928863776792,0.02260575193037735
method,2024-10,0.02280892818308911,0.02213548448186436,0.023482371884313857
method,2024-11,0.022717297253419918,0.022054353970048048,0.023380240536791788
method,2024-12,0.02395742905190678,0.02328361375895,0.024631244344863558
results,2021-01,0.004177226381094578,0.0038373150208585436,0.004517137741330612
results,2021-02,0.003957217517875382,0.0036282129544319424,0.0042862220813188225
results,2021-03,0.004205605859216058,0.0039004998574753754,0.0045107118609567405
results,2021-04,0.00460579730112296,0.004287005567119841,0.004924589035126079
results,2021-05,0.004543432780239464,0.0042076482768852825,0.004879217283593646
results,2021-06,0.004399625535082821,0.004078278440601788,0.004720972629563854
results,2021-07,0.004592941409649038,0.0042453857848597796,0.004940497034438297
results,2021-08,0.004011575232580216,0.0037234264875219574,0.004299723977638475
results,2021-09,0.004359722087151674,0.004045992456905899,0.004673451717397448
results,2021-10,0.00427622903028305,0.003982703050991457,0.004569755009574642
results,2021-11,0.004625118961108868,0.004295834250830278,0.004954403671387458
results,2021-12,0.004469060185396594,0.0041620837192288315,0.004776036651564357
results,2022-01,0.004625770816881636,0.004302382254777247,0.004949159378986025
results,2022-02,0.0045046966089131845,0.004192342986296132,0.004817050231530237
results,2022-03,0.0047893455914404595,0.004485064026956192,0.005093627155924727
results,2022-04,0.005094657953568358,0.004764321097196455,0.0054249948099402605
results,2022-05,0.005124143106244931,0.004800586699418355,0.005447699513071507
results,2022-06,0.00496892313044902,0.004659299416287873,0.005278546844610167
results,2022-07,0.005109287820302234,0.004788774468908104,0.0054298011716963634
results,2022-08,0.005178581788666994,0.004856257326570775,0.005500906250763214
results,2022-09,0.005331969942785486,0.005014846331874338,0.005649093553696634
results,2022-10,0.005201081918760235,0.004892404639115452,0.0055097591984050185
results,2022-11,0.005126394970069191,0.004814592761717205,0.005438197178421177
results,2022-12,0.005175521200452053,0.004850586359705129,0.005500456041198977
results,2023-01,0.005573261423069126,0.005238740176694262,0.00590778266944399
results,2023-02,0.005336810232558139,0.005015253520679815,0.005658366944436464
results,2023-03,0.005672393994725096,0.005331960540763121,0.006012827448687071
results,2023-04,0.005783969511906452,0.005413102336742994,0.00615483668706991
results,2023-05,0.00664583159072329,0.006233768440376068,0.007057894741070513
results,2023-06,0.007105333041716549,0.0066845749751164,0.007526091108316697
results,2023-07,0.008440270341702851,0.007952634152842813,0.00892790653056289
results,2023-08,0.010478779523681618,0.009928436639242475,0.01102912240812076
results,2023-09,0.013376476769390255,0.012666941016834238,0.014086012521946271
results,2023-10,0.014451971048444132,0.013764237101644936,0.015139704995243327
results,2023-11,0.015572334446709754,0.014843054602302057,0.016301614291117452
results,2023-12,0.01817861741947964,0.017345666175705956,0.019011568663253323
results,2024-01,0.01807708215596137,0.017301480619142474,0.018852683692780266
results,2024-02,0.020503108236464788,0.019637698390726124,0.021368518082203452
results,2024-03,0.021087062703942144,0.020209945574878808,0.02196417983300548
results,2024-04,0.022424496032597042,0.02152727548327998,0.023321716581914103
results,2024-05,0.0235096105472556,0.022631987482218896,0.0243872336122923
results,2024-06,0.023898229519900054,0.02296405387409872,0.02483240516570139
results,2024-07,0.0240350680591133,0.02317815152059216,0.02489198459763444
results,2024-08,0.024491302194483592,0.023617736263629115,0.02536486812533807
results,2024-09,0.025348188355074772,0.024469746089749316,0.02622663062040023
results,2024-10,0.026541177736617894,0.025655019810746842,0.027427335662488946
results,2024-11,0.02706821014080231,0.026182860849085124,0.027953559432519495
results,2024-12,0.02856506062778239,0.027652743072143927,0.02947737818342085
